State,County,County FIPS Code,Opioid Dispensing Rate per 100
SC,ABBEVILLE,45001,30
LA,ACADIA,22001,28.4
VA,ACCOMACK,51001,19.4
ID,ADA,16001,54.9
IA,ADAIR,19001,13.8
KY,ADAIR,21001,51
MO,ADAIR,29001,85.3
OK,ADAIR,40001,62.2
CO,ADAMS,8001,28
IA,ADAMS,19003,16.2
ID,ADAMS,16003,13.2
IL,ADAMS,17001,91.4
IN,ADAMS,18001,26
MS,ADAMS,28001,91
ND,ADAMS,38001,99.1
NE,ADAMS,31001,48.1
OH,ADAMS,39001,32.9
PA,ADAMS,42001,23.2
WA,ADAMS,53001,16.3
WI,ADAMS,55001,4.7
VT,ADDISON,50001,24.8
SC,AIKEN,45003,40
MN,AITKIN,27001,44.5
FL,ALACHUA,12001,94.2
NC,ALAMANCE,37001,31.5
CA,ALAMEDA,6001,18.2
CO,ALAMOSA,8003,35.8
NY,ALBANY,36001,57.5
WY,ALBANY,56001,24.9
VA,ALBEMARLE,51003,37
MI,ALCONA,26001,24.6
MS,ALCORN,28003,109.9
AK,ALEUTIANS EAST,2013,9.6
AK,ALEUTIANS WEST,2016,2.1
IL,ALEXANDER,17003,56
NC,ALEXANDER,37003,7.1
VA,ALEXANDRIA CITY,51510,19.2
OK,ALFALFA,40003,5.8
MI,ALGER,26003,15.4
IA,ALLAMAKEE,19005,27.5
MI,ALLEGAN,26005,13.5
MD,ALLEGANY,24001,91
NY,ALLEGANY,36003,27.9
NC,ALLEGHANY,37005,41.4
VA,ALLEGHANY,51005,50.1
PA,ALLEGHENY,42003,63.7
IN,ALLEN,18003,80.6
KS,ALLEN,20001,83.3
KY,ALLEN,21003,33.5
LA,ALLEN,22003,34.7
OH,ALLEN,39003,67.5
SC,ALLENDALE,45005,44.5
MI,ALPENA,26007,52.4
CA,ALPINE,6003,23
CA,AMADOR,6005,31.8
VA,AMELIA,51007,1.7
VA,AMHERST,51009,32.3
MS,AMITE,28005,10.9
AK,ANCHORAGE,2020,47.2
KS,ANDERSON,20003,7.9
KY,ANDERSON,21005,23.1
SC,ANDERSON,45007,67.1
TN,ANDERSON,47001,51.9
TX,ANDERSON,48001,36.4
MO,ANDREW,29003,2.5
TX,ANDREWS,48003,11.6
ME,ANDROSCOGGIN,23001,49.6
TX,ANGELINA,48005,58.3
MD,ANNE ARUNDEL,24003,44
MN,ANOKA,27003,20.3
NC,ANSON,37007,6.2
NE,ANTELOPE,31003,40.5
MI,ANTRIM,26009,46.4
AZ,APACHE,4001,4.9
IA,APPANOOSE,19007,40.1
GA,APPLING,13001,41.9
VA,APPOMATTOX,51011,17
TX,ARANSAS,48007,17
CO,ARAPAHOE,8005,42.3
TX,ARCHER,48009,0.5
CO,ARCHULETA,8007,37.3
MI,ARENAC,26011,26.1
AR,ARKANSAS,5001,70.7
VA,ARLINGTON,51013,31.1
PA,ARMSTRONG,42005,26.8
TX,ARMSTRONG,48011,20.3
ME,AROOSTOOK,23003,49.6
LA,ASCENSION,22005,33.5
NC,ASHE,37009,45.2
OH,ASHLAND,39005,18.5
WI,ASHLAND,55003,61.4
AR,ASHLEY,5003,26
OH,ASHTABULA,39007,34.3
WA,ASOTIN,53003,59.9
LA,ASSUMPTION,22007,20.7
TX,ATASCOSA,48013,20
KS,ATCHISON,20005,52.7
MO,ATCHISON,29005,62.5
OH,ATHENS,39009,44.9
GA,ATKINSON,13003,58.1
NJ,ATLANTIC,34001,53.9
OK,ATOKA,40005,4.7
MS,ATTALA,28007,34.7
MO,AUDRAIN,29007,26.4
IA,AUDUBON,19009,34.5
OH,AUGLAIZE,39011,20.5
VA,AUGUSTA,51015,43.2
SD,AURORA,46003,21.1
TX,AUSTIN,48015,20.3
AL,AUTAUGA,1001,98.3
NC,AVERY,37011,32.4
LA,AVOYELLES,22009,34.7
CO,BACA,8009,45.2
GA,BACON,13005,131.3
TX,BAILEY,48017,23.2
FL,BAKER,12003,13
GA,BAKER,13007,42.3
OR,BAKER,41001,68.4
AL,BALDWIN,1003,65
GA,BALDWIN,13009,42.2
KY,BALLARD,21007,4.2
MD,BALTIMORE,24005,41.8
MD,BALTIMORE CITY,24510,68.6
SC,BAMBERG,45009,46.6
TX,BANDERA,48019,9.6
GA,BANKS,13011,10.6
ID,BANNOCK,16005,77.5
MI,BARAGA,26013,36.3
KS,BARBER,20007,24.1
AL,BARBOUR,1005,22.8
WV,BARBOUR,54001,23
ND,BARNES,38003,34.7
MA,BARNSTABLE,25001,32.1
SC,BARNWELL,45011,47
KY,BARREN,21009,78.3
WI,BARRON,55005,42.6
GA,BARROW,13013,63.5
MI,BARRY,26015,23
MO,BARRY,29009,53.2
IN,BARTHOLOMEW,18005,52.1
KS,BARTON,20009,62.2
MO,BARTON,29011,35.1
GA,BARTOW,13015,63.6
TX,BASTROP,48021,13.3
MO,BATES,29013,28.8
KY,BATH,21011,6.1
VA,BATH,51017,17.3
AR,BAXTER,5005,136.7
FL,BAY,12005,69.2
MI,BAY,26017,66.6
WI,BAYFIELD,55007,4
TX,BAYLOR,48023,33.8
SD,BEADLE,46005,36.7
ID,BEAR LAKE,16007,66.3
NC,BEAUFORT,37013,46.5
SC,BEAUFORT,45013,45.4
LA,BEAUREGARD,22011,29.5
OK,BEAVER,40007,6.9
PA,BEAVER,42007,31.4
UT,BEAVER,49001,73.3
MT,BEAVERHEAD,30001,34.1
MN,BECKER,27005,21.2
OK,BECKHAM,40009,43
PA,BEDFORD,42009,19.5
TN,BEDFORD,47003,31.2
VA,BEDFORD,51019,17.1
TX,BEE,48025,14.1
NH,BELKNAP,33001,25.5
KY,BELL,21013,140
TX,BELL,48027,53.8
OH,BELMONT,39013,23.5
MN,BELTRAMI,27007,29.5
GA,BEN HILL,13017,70
ID,BENEWAH,16009,20.8
SD,BENNETT,46007,4
VT,BENNINGTON,50003,41.3
ND,BENSON,38005,1.8
CO,BENT,8011,50.7
AR,BENTON,5007,37.1
IA,BENTON,19011,16.8
IN,BENTON,18007,7.8
MN,BENTON,27009,2.3
MO,BENTON,29015,32.3
MS,BENTON,28009,9.7
OR,BENTON,41003,56
TN,BENTON,47005,36.5
WA,BENTON,53005,72.9
MI,BENZIE,26019,41
NJ,BERGEN,34003,27.2
SC,BERKELEY,45015,18.2
WV,BERKELEY,54003,30.2
PA,BERKS,42011,29.6
MA,BERKSHIRE,25003,36.6
NM,BERNALILLO,35001,52
GA,BERRIEN,13019,14.3
MI,BERRIEN,26021,42.7
NC,BERTIE,37015,59.5
AK,BETHEL,2050,8.8
TX,BEXAR,48029,44.1
AL,BIBB,1007,24.8
GA,BIBB,13021,125.6
LA,BIENVILLE,22013,13
MT,BIG HORN,30003,9
WY,BIG HORN,56003,32.1
MN,BIG STONE,27011,45
ID,BINGHAM,16011,58.1
IA,BLACK HAWK,19013,54.7
IN,BLACKFORD,18009,25.4
NC,BLADEN,37017,31.1
ID,BLAINE,16013,21.8
MT,BLAINE,30005,11.9
OK,BLAINE,40011,13.9
PA,BLAIR,42013,64.9
TX,BLANCO,48031,7
VA,BLAND,51021,84.1
GA,BLECKLEY,13023,36.6
TN,BLEDSOE,47007,57.5
AL,BLOUNT,1009,22.8
TN,BLOUNT,47009,41.2
MN,BLUE EARTH,27013,45.8
ID,BOISE,16015,9.2
MS,BOLIVAR,28011,35.5
MO,BOLLINGER,29017,17.6
SD,BON HOMME,46009,12.6
IL,BOND,17005,25.3
ID,BONNER,16017,42.5
ID,BONNEVILLE,16019,72
AR,BOONE,5009,67.2
IA,BOONE,19015,25.6
IL,BOONE,17007,27.1
IN,BOONE,18011,39.9
KY,BOONE,21015,40.4
MO,BOONE,29019,80.3
NE,BOONE,31011,13.5
WV,BOONE,54005,78.3
TX,BOSQUE,48035,13.9
LA,BOSSIER,22015,57.4
VA,BOTETOURT,51023,11.9
ND,BOTTINEAU,38009,17
CO,BOULDER,8013,39.8
ID,BOUNDARY,16021,33.7
KS,BOURBON,20011,62.6
KY,BOURBON,21017,34.3
TX,BOWIE,48037,104
ND,BOWMAN,38011,12.9
NE,BOX BUTTE,31013,64.5
UT,BOX ELDER,49003,31.1
KY,BOYD,21019,93.7
NE,BOYD,31015,33.8
KY,BOYLE,21021,94.4
KY,BRACKEN,21023,27.6
FL,BRADFORD,12007,22.2
PA,BRADFORD,42015,50.2
AR,BRADLEY,5011,73.8
TN,BRADLEY,47011,93.9
MI,BRANCH,26023,30.4
GA,BRANTLEY,13025,6.5
WV,BRAXTON,54007,22.5
TX,BRAZORIA,48039,27.9
TX,BRAZOS,48041,39.7
KY,BREATHITT,21025,64.3
KY,BRECKINRIDGE,21027,23.3
IA,BREMER,19017,24.6
FL,BREVARD,12009,53.5
TX,BREWSTER,48043,20.2
TX,BRISCOE,48045,0.2
MA,BRISTOL,25005,41.8
RI,BRISTOL,44001,18.7
AK,BRISTOL BAY,2060,6.4
VA,BRISTOL CITY,51520,24.6
MT,BROADWATER,30007,13.1
NY,BRONX,36005,18.7
WV,BROOKE,54009,14.6
SD,BROOKINGS,46011,19.8
GA,BROOKS,13027,97.6
TX,BROOKS,48047,18.3
NY,BROOME,36007,55.6
CO,BROOMFIELD,8014,43.9
FL,BROWARD,12011,32.7
IL,BROWN,17009,42.5
IN,BROWN,18013,17.2
KS,BROWN,20013,73.5
MN,BROWN,27015,29.3
NE,BROWN,31017,7.1
OH,BROWN,39015,42.1
SD,BROWN,46013,55.8
TX,BROWN,48049,59.7
WI,BROWN,55009,48
SD,BRULE,46015,52.1
NC,BRUNSWICK,37019,39.4
VA,BRUNSWICK,51025,6.9
GA,BRYAN,13029,23.9
OK,BRYAN,40013,56.7
IA,BUCHANAN,19019,12.9
MO,BUCHANAN,29021,54.4
VA,BUCHANAN,51027,71.4
VA,BUCKINGHAM,51029,4.4
PA,BUCKS,42017,38.9
IA,BUENA VISTA,19021,28.1
VA,BUENA VISTA CITY,51530,25.5
NE,BUFFALO,31019,73.1
SD,BUFFALO,46017,4
WI,BUFFALO,55011,3.7
KY,BULLITT,21029,16.5
GA,BULLOCH,13031,81.9
AL,BULLOCK,1011,22
NC,BUNCOMBE,37021,73.5
IL,BUREAU,17011,51.6
GA,BURKE,13033,38
NC,BURKE,37023,61.4
ND,BURKE,38013,1.1
ND,BURLEIGH,38015,62.8
TX,BURLESON,48051,16.9
NJ,BURLINGTON,34005,54.1
TX,BURNET,48053,13.9
WI,BURNETT,55013,26.8
NE,BURT,31021,18.7
AL,BUTLER,1013,35.1
IA,BUTLER,19023,11.1
KS,BUTLER,20015,61.7
KY,BUTLER,21031,26.6
MO,BUTLER,29023,125.4
NE,BUTLER,31023,41.9
OH,BUTLER,39017,41.3
PA,BUTLER,42019,29.7
CA,BUTTE,6007,63
ID,BUTTE,16023,118.2
SD,BUTTE,46019,6
GA,BUTTS,13035,36.8
NC,CABARRUS,37025,48.7
WV,CABELL,54011,124.2
UT,CACHE,49005,34.7
LA,CADDO,22017,134.5
OK,CADDO,40015,20.3
CA,CALAVERAS,6009,24.7
LA,CALCASIEU,22019,59.4
KY,CALDWELL,21033,35.1
LA,CALDWELL,22021,37.2
MO,CALDWELL,29025,6.6
NC,CALDWELL,37027,52.4
TX,CALDWELL,48055,6.5
VT,CALEDONIA,50005,25.7
AL,CALHOUN,1015,97.9
AR,CALHOUN,5013,15.3
FL,CALHOUN,12013,31.3
GA,CALHOUN,13037,12.1
IA,CALHOUN,19025,52
IL,CALHOUN,17013,5.6
MI,CALHOUN,26025,63.6
MS,CALHOUN,28013,45.9
SC,CALHOUN,45017,6.3
TX,CALHOUN,48057,29.8
WV,CALHOUN,54013,42.9
TX,CALLAHAN,48059,6.7
MO,CALLAWAY,29027,18.9
KY,CALLOWAY,21035,50
WI,CALUMET,55015,9.6
MD,CALVERT,24009,45.4
PA,CAMBRIA,42021,54
GA,CAMDEN,13039,31.1
MO,CAMDEN,29029,49.7
NC,CAMDEN,37029,0
NJ,CAMDEN,34007,61.1
LA,CAMERON,22023,3.3
PA,CAMERON,42023,18.3
TX,CAMERON,48061,22.3
TX,CAMP,48063,38.1
KY,CAMPBELL,21037,38.5
SD,CAMPBELL,46021,5.6
TN,CAMPBELL,47013,35.5
VA,CAMPBELL,51031,5.3
WY,CAMPBELL,56005,37.6
OK,CANADIAN,40017,21.2
GA,CANDLER,13043,73.5
TN,CANNON,47015,21.5
ID,CANYON,16027,27.1
MO,CAPE GIRARDEAU,29031,102.8
NJ,CAPE MAY,34009,26.6
MT,CARBON,30009,13
PA,CARBON,42025,25.5
UT,CARBON,49007,125.9
WY,CARBON,56007,59
ID,CARIBOU,16029,101.3
KY,CARLISLE,21039,77.6
MN,CARLTON,27017,26.5
MD,CAROLINE,24011,40.2
VA,CAROLINE,51033,4.2
AR,CARROLL,5015,37.4
GA,CARROLL,13045,73.3
IA,CARROLL,19027,45.3
IL,CARROLL,17015,15.6
IN,CARROLL,18015,7
KY,CARROLL,21041,44.1
MD,CARROLL,24013,31.7
MO,CARROLL,29033,49.8
MS,CARROLL,28015,10.6
NH,CARROLL,33003,51.4
OH,CARROLL,39019,18.5
TN,CARROLL,47017,113.2
VA,CARROLL,51035,46.4
TX,CARSON,48065,2.7
NV,CARSON CITY,32510,95.9
KY,CARTER,21043,25.8
MO,CARTER,29035,15.6
MT,CARTER,30011,0.3
OK,CARTER,40019,84.3
TN,CARTER,47019,32.9
NC,CARTERET,37031,62.8
MN,CARVER,27019,23.9
MT,CASCADE,30013,56.8
KY,CASEY,21045,30.3
IA,CASS,19029,42.4
IL,CASS,17017,9.2
IN,CASS,18017,18.8
MI,CASS,26027,11.2
MN,CASS,27021,8.4
MO,CASS,29037,41.6
ND,CASS,38017,36
NE,CASS,31025,9.4
TX,CASS,48067,44.5
ID,CASSIA,16031,60.4
TX,CASTRO,48069,9.7
NC,CASWELL,37033,3.5
LA,CATAHOULA,22025,12.7
NC,CATAWBA,37035,104.6
GA,CATOOSA,13047,33.9
NM,CATRON,35003,13.5
NY,CATTARAUGUS,36009,36.9
ND,CAVALIER,38019,31
NY,CAYUGA,36011,24.3
MD,CECIL,24015,16.4
IA,CEDAR,19031,18.2
MO,CEDAR,29039,63.2
NE,CEDAR,31027,14.9
PA,CENTRE,42027,30.6
IA,CERRO GORDO,19033,69.5
CO,CHAFFEE,8015,37.1
AL,CHAMBERS,1017,60.5
TX,CHAMBERS,48071,8.2
IL,CHAMPAIGN,17019,46.6
OH,CHAMPAIGN,39021,12
MO,CHARITON,29041,6.5
MD,CHARLES,24017,36.9
VA,CHARLES CITY,51036,6.7
SD,CHARLES MIX,46023,22.1
SC,CHARLESTON,45019,103.6
MI,CHARLEVOIX,26029,35.1
FL,CHARLOTTE,12015,61.8
VA,CHARLOTTE,51037,25.5
VA,CHARLOTTESVILLE CITY,51540,153.8
GA,CHARLTON,13049,57.2
KS,CHASE,20017,13.6
NE,CHASE,31029,70.7
GA,CHATHAM,13051,76.4
NC,CHATHAM,37037,12.8
GA,CHATTAHOOCHEE,13053,0.9
GA,CHATTOOGA,13055,29.5
KS,CHAUTAUQUA,20019,38
NY,CHAUTAUQUA,36013,41.9
NM,CHAVES,35005,50
TN,CHEATHAM,47021,38.3
MI,CHEBOYGAN,26031,51.6
WA,CHELAN,53007,58.1
NY,CHEMUNG,36015,67.5
NY,CHENANGO,36017,25.2
AL,CHEROKEE,1019,50.6
GA,CHEROKEE,13057,53.9
IA,CHEROKEE,19035,21.5
KS,CHEROKEE,20021,35.8
NC,CHEROKEE,37039,74.1
OK,CHEROKEE,40021,45.8
SC,CHEROKEE,45021,51.2
TX,CHEROKEE,48073,28.5
NE,CHERRY,31031,18.8
VA,CHESAPEAKE CITY,51550,38
NH,CHESHIRE,33005,26.8
PA,CHESTER,42029,28.8
SC,CHESTER,45023,38.3
TN,CHESTER,47023,43.5
SC,CHESTERFIELD,45025,26.7
VA,CHESTERFIELD,51041,36.6
CO,CHEYENNE,8017,27.3
KS,CHEYENNE,20023,150.1
NE,CHEYENNE,31033,30.8
IA,CHICKASAW,19037,6
MS,CHICKASAW,28017,24.4
AR,CHICOT,5017,90
TX,CHILDRESS,48075,63.9
AL,CHILTON,1021,39.3
MI,CHIPPEWA,26033,33.2
MN,CHIPPEWA,27023,21.6
WI,CHIPPEWA,55017,16.1
MN,CHISAGO,27025,15
VT,CHITTENDEN,50007,41.6
AL,CHOCTAW,1023,37.8
MS,CHOCTAW,28019,19.4
OK,CHOCTAW,40023,19.8
MT,CHOUTEAU,30015,15.4
NC,CHOWAN,37041,42.6
IL,CHRISTIAN,17021,24.6
KY,CHRISTIAN,21047,33.6
MO,CHRISTIAN,29043,45.4
NV,CHURCHILL,32001,38.1
NM,CIBOLA,35006,14.2
OK,CIMARRON,40025,15.9
FL,CITRUS,12017,51
OR,CLACKAMAS,41005,31
LA,CLAIBORNE,22027,69.1
MS,CLAIBORNE,28021,18.7
TN,CLAIBORNE,47025,101.9
WA,CLALLAM,53009,43.1
MI,CLARE,26035,42.1
SC,CLARENDON,45027,57.8
PA,CLARION,42031,33.9
AR,CLARK,5019,54.7
IL,CLARK,17023,49.9
IN,CLARK,18019,80.3
KS,CLARK,20025,55.2
KY,CLARK,21049,188.1
MO,CLARK,29045,39.2
NV,CLARK,32003,47.4
OH,CLARK,39023,51.6
SD,CLARK,46025,15.2
WA,CLARK,53011,39.8
WI,CLARK,55019,16.1
AL,CLARKE,1025,65.9
GA,CLARKE,13059,136.3
IA,CLARKE,19039,17.6
MS,CLARKE,28023,20.1
VA,CLARKE,51043,17
OR,CLATSOP,41007,52.6
AL,CLAY,1027,81.7
AR,CLAY,5021,72.7
FL,CLAY,12019,47.2
GA,CLAY,13061,15.3
IA,CLAY,19041,60.2
IL,CLAY,17025,16.4
IN,CLAY,18021,20.6
KS,CLAY,20027,67
KY,CLAY,21051,138.3
MN,CLAY,27027,10
MO,CLAY,29047,51.9
MS,CLAY,28025,30.1
NC,CLAY,37043,32.6
NE,CLAY,31035,1.5
SD,CLAY,46027,25.6
TN,CLAY,47027,32.5
TX,CLAY,48077,12.6
WV,CLAY,54015,18.8
GA,CLAYTON,13063,21
IA,CLAYTON,19043,11.2
CO,CLEAR CREEK,8019,4.7
PA,CLEARFIELD,42033,46.4
ID,CLEARWATER,16035,13.4
MN,CLEARWATER,27029,57.4
AL,CLEBURNE,1029,5.7
AR,CLEBURNE,5023,53.9
OH,CLERMONT,39025,25.9
AR,CLEVELAND,5025,4.9
NC,CLEVELAND,37045,112.2
OK,CLEVELAND,40027,34.7
GA,CLINCH,13065,71.5
IA,CLINTON,19045,36.6
IL,CLINTON,17027,12.6
IN,CLINTON,18023,14.3
KY,CLINTON,21053,62
MI,CLINTON,26037,24.2
MO,CLINTON,29049,27.6
NY,CLINTON,36019,67.5
OH,CLINTON,39027,44.4
PA,CLINTON,42035,43.6
KS,CLOUD,20029,12.3
MS,COAHOMA,28027,33.4
OK,COAL,40029,57.3
GA,COBB,13067,38.8
AZ,COCHISE,4003,34.4
TX,COCHRAN,48079,17.6
TN,COCKE,47029,68.4
AZ,COCONINO,4005,32.2
SD,CODINGTON,46029,37.2
AL,COFFEE,1031,74.4
GA,COFFEE,13069,142.4
TN,COFFEE,47031,138.1
KS,COFFEY,20031,85.1
AL,COLBERT,1033,150
MO,COLE,29051,68.2
TX,COLEMAN,48083,14.3
IL,COLES,17029,61.9
NE,COLFAX,31037,10.3
NM,COLFAX,35007,74.9
SC,COLLETON,45029,46.4
FL,COLLIER,12021,38.3
TX,COLLIN,48085,29.7
TX,COLLINGSWORTH,48087,14.2
VA,COLONIAL HEIGHTS CITY,51570,73.1
TX,COLORADO,48089,22
GA,COLQUITT,13071,86.2
AR,COLUMBIA,5027,51.7
FL,COLUMBIA,12023,37.8
GA,COLUMBIA,13073,58.5
NY,COLUMBIA,36021,35.9
OR,COLUMBIA,41009,24.7
PA,COLUMBIA,42037,43.7
WA,COLUMBIA,53013,138.2
WI,COLUMBIA,55021,35.7
OH,COLUMBIANA,39029,19.9
NC,COLUMBUS,37047,73.8
CA,COLUSA,6011,24.7
TX,COMAL,48091,32.6
KS,COMANCHE,20033,9.5
OK,COMANCHE,40031,60.7
TX,COMANCHE,48093,52.1
TX,CONCHO,48095,1.1
LA,CONCORDIA,22029,32.8
AL,CONECUH,1035,113.3
CO,CONEJOS,8021,29
CA,CONTRA COSTA,6013,22.9
WY,CONVERSE,56009,26.9
AR,CONWAY,5029,38.2
GA,COOK,13075,43.9
IL,COOK,17031,36.1
MN,COOK,27031,6.7
TX,COOKE,48097,31.5
MO,COOPER,29053,14.7
NH,COOS,33007,41.6
OR,COOS,41011,71.7
AL,COOSA,1037,0
MS,COPIAH,28029,51.4
SD,CORSON,46031,4.6
NY,CORTLAND,36023,20
TX,CORYELL,48099,14.3
OH,COSHOCTON,39031,24
CO,COSTILLA,8023,0.6
OK,COTTON,40033,1.2
MN,COTTONWOOD,27033,20.2
AL,COVINGTON,1039,85.3
MS,COVINGTON,28031,38
VA,COVINGTON CITY,51580,117.6
GA,COWETA,13077,55.6
KS,COWLEY,20035,57.8
WA,COWLITZ,53015,38.2
OK,CRAIG,40035,19.2
VA,CRAIG,51045,1.5
AR,CRAIGHEAD,5031,164
TX,CRANE,48103,14.6
NC,CRAVEN,37049,75.6
AR,CRAWFORD,5033,51.4
GA,CRAWFORD,13079,48.3
IA,CRAWFORD,19047,28.5
IL,CRAWFORD,17033,9.5
IN,CRAWFORD,18025,10.2
KS,CRAWFORD,20037,71.7
MI,CRAWFORD,26039,75.8
MO,CRAWFORD,29055,5.2
OH,CRAWFORD,39033,46.1
PA,CRAWFORD,42039,53.1
WI,CRAWFORD,55023,30.3
OK,CREEK,40037,16.1
AL,CRENSHAW,1041,33.4
GA,CRISP,13081,90
AR,CRITTENDEN,5035,59.6
KY,CRITTENDEN,21055,58.1
TN,CROCKETT,47033,16.9
TX,CROCKETT,48105,26.6
OR,CROOK,41013,35.9
WY,CROOK,56011,5.3
TX,CROSBY,48107,17.4
AR,CROSS,5037,59.7
MN,CROW WING,27035,33.3
CO,CROWLEY,8025,5.3
TX,CULBERSON,48109,71.9
AL,CULLMAN,1043,81.1
VA,CULPEPER,51047,21.8
IL,CUMBERLAND,17035,19.2
KY,CUMBERLAND,21057,64.8
ME,CUMBERLAND,23005,45.3
NC,CUMBERLAND,37051,64.3
NJ,CUMBERLAND,34011,36.7
PA,CUMBERLAND,42041,38.2
TN,CUMBERLAND,47035,40.6
NE,CUMING,31039,10
NC,CURRITUCK,37053,11.6
NM,CURRY,35009,19.7
OR,CURRY,41015,83.2
CO,CUSTER,8027,2.1
ID,CUSTER,16037,8.4
MT,CUSTER,30017,77.7
NE,CUSTER,31041,43.3
OK,CUSTER,40039,21.3
SD,CUSTER,46033,29.9
OH,CUYAHOGA,39035,53.7
GA,DADE,13083,8.9
MO,DADE,29057,57.9
UT,DAGGETT,49009,0.9
MN,DAKOTA,27037,18.4
NE,DAKOTA,31043,21.4
AL,DALE,1045,31.8
TX,DALLAM,48111,19.4
AL,DALLAS,1047,62.7
AR,DALLAS,5039,31.6
IA,DALLAS,19049,10.7
MO,DALLAS,29059,16.1
TX,DALLAS,48113,45.9
WI,DANE,55025,42.8
MT,DANIELS,30019,0.3
VA,DANVILLE CITY,51590,67.8
NC,DARE,37055,68.8
OH,DARKE,39037,25.2
SC,DARLINGTON,45031,85.7
PA,DAUPHIN,42043,53.9
NC,DAVIDSON,37057,24.9
TN,DAVIDSON,47037,84.8
NC,DAVIE,37059,30.1
IN,DAVIESS,18027,32.8
KY,DAVIESS,21059,73.3
MO,DAVIESS,29061,39.1
IA,DAVIS,19051,35.9
UT,DAVIS,49011,45.5
SD,DAVISON,46035,45.8
NE,DAWES,31045,35.9
GA,DAWSON,13085,35.3
MT,DAWSON,30021,29.4
NE,DAWSON,31047,25.1
TX,DAWSON,48115,9.1
SD,DAY,46037,4
NM,DE BACA,35011,5.3
AL,DE KALB,1049,64.3
IN,DE KALB,18033,19.1
FL,DE SOTO,12027,8.5
LA,DE SOTO,22031,18.3
IL,DE WITT,17039,23.5
TX,DE WITT,48123,34.8
TX,DEAF SMITH,48117,4.9
IN,DEARBORN,18029,73.7
GA,DECATUR,13087,74.5
IA,DECATUR,19053,49.7
IN,DECATUR,18031,42.8
KS,DECATUR,20039,29.9
TN,DECATUR,47039,68.8
MT,DEER LODGE,30023,52.7
OH,DEFIANCE,39039,51.6
GA,DEKALB,13089,43.2
IL,DEKALB,17037,27.4
MO,DEKALB,29063,4.1
TN,DEKALB,47041,47.4
CA,DEL NORTE,6015,56.1
IA,DELAWARE,19055,24.3
IN,DELAWARE,18035,83.1
NY,DELAWARE,36025,17.8
OH,DELAWARE,39041,28.7
OK,DELAWARE,40041,41.1
PA,DELAWARE,42045,41.4
CO,DELTA,8029,37.6
MI,DELTA,26041,58.3
TX,DELTA,48119,4.2
AK,DENALI,2068,5.2
MO,DENT,29065,54.9
TX,DENTON,48121,30.7
CO,DENVER,8031,37.1
IA,DES MOINES,19057,47.3
OR,DESCHUTES,41017,53.1
AR,DESHA,5041,85.2
MS,DESOTO,28033,62
NE,DEUEL,31049,2.1
SD,DEUEL,46039,3.1
OK,DEWEY,40043,6.8
SD,DEWEY,46041,2.5
VA,DICKENSON,51051,79.9
ND,DICKEY,38021,32.2
IA,DICKINSON,19059,25
KS,DICKINSON,20041,48.7
MI,DICKINSON,26043,43.1
TN,DICKSON,47043,61.4
AK,DILLINGHAM,2070,1.7
SC,DILLON,45033,51.2
TX,DIMMIT,48127,6
VA,DINWIDDIE,51053,1.9
DC,DISTRICT OF COLUMBIA,11001,32.6
ND,DIVIDE,38023,3.8
FL,DIXIE,12029,9.9
NE,DIXON,31051,8.1
WV,DODDRIDGE,54017,0.7
GA,DODGE,13091,28.4
MN,DODGE,27039,2.4
NE,DODGE,31053,43.1
WI,DODGE,55027,29.7
CO,DOLORES,8033,76.6
NM,DONA ANA,35013,34
KS,DONIPHAN,20043,2.8
TX,DONLEY,48129,0.4
GA,DOOLY,13093,1.3
WI,DOOR,55029,29.2
MD,DORCHESTER,24019,26
SC,DORCHESTER,45035,22.8
GA,DOUGHERTY,13095,112.3
CO,DOUGLAS,8035,26.8
GA,DOUGLAS,13097,43.8
IL,DOUGLAS,17041,13.3
KS,DOUGLAS,20045,41.9
MN,DOUGLAS,27041,37.6
MO,DOUGLAS,29067,8.2
NE,DOUGLAS,31055,64.3
NV,DOUGLAS,32005,43.2
OR,DOUGLAS,41019,53.8
SD,DOUGLAS,46043,23.1
WA,DOUGLAS,53017,13.7
WI,DOUGLAS,55031,15.8
AR,DREW,5043,91.2
IN,DUBOIS,18037,61.3
IA,DUBUQUE,19061,36.1
UT,DUCHESNE,49013,46.6
MA,DUKES,25007,21.4
NE,DUNDY,31057,30.8
MO,DUNKLIN,29069,74.1
ND,DUNN,38025,1.3
WI,DUNN,55033,17.2
IL,DUPAGE,17043,43
NC,DUPLIN,37061,25.3
NC,DURHAM,37063,68.2
NY,DUTCHESS,36027,32.4
FL,DUVAL,12031,76.5
TX,DUVAL,48131,3.1
TN,DYER,47045,80.2
CO,EAGLE,8037,47.8
GA,EARLY,13099,55.5
LA,EAST BATON ROUGE,22033,98.2
LA,EAST CARROLL,22035,70.9
LA,EAST FELICIANA,22037,23.7
TX,EASTLAND,48133,14.5
MI,EATON,26045,30.3
WI,EAU CLAIRE,55035,57.6
TX,ECTOR,48135,41.2
ND,EDDY,38027,0.2
NM,EDDY,35015,79.1
IL,EDGAR,17045,35.1
NC,EDGECOMBE,37065,26
SC,EDGEFIELD,45037,16.3
KY,EDMONSON,21061,14.9
SD,EDMUNDS,46045,33.2
IL,EDWARDS,17047,36.9
KS,EDWARDS,20047,54.6
TX,EDWARDS,48137,0.6
GA,EFFINGHAM,13103,20.9
IL,EFFINGHAM,17049,63.3
CA,EL DORADO,6017,28.4
CO,EL PASO,8041,47.5
TX,EL PASO,48141,27
CO,ELBERT,8039,9.7
GA,ELBERT,13105,57.1
KS,ELK,20049,1.6
PA,ELK,42047,33.2
IN,ELKHART,18039,41.2
NV,ELKO,32007,25.2
KY,ELLIOTT,21063,4.2
KS,ELLIS,20051,56.5
OK,ELLIS,40045,28.1
TX,ELLIS,48139,30.8
KS,ELLSWORTH,20053,59.5
AL,ELMORE,1051,26.8
ID,ELMORE,16039,23.4
GA,EMANUEL,13107,63.3
UT,EMERY,49015,31.7
IA,EMMET,19063,27.2
MI,EMMET,26047,105.3
ND,EMMONS,38029,37.5
VA,EMPORIA CITY,51595,123.9
TX,ERATH,48143,35.2
NY,ERIE,36029,58.2
OH,ERIE,39043,39.9
PA,ERIE,42049,56.9
AL,ESCAMBIA,1053,81.2
FL,ESCAMBIA,12033,81.9
MA,ESSEX,25009,27
NJ,ESSEX,34013,30.2
NY,ESSEX,36031,32.7
VA,ESSEX,51057,60.6
VT,ESSEX,50009,38.7
KY,ESTILL,21065,39.1
AL,ETOWAH,1055,102.8
NV,EUREKA,32011,8.2
LA,EVANGELINE,22039,103.1
GA,EVANS,13109,43.9
AK,FAIRBANKS NORTH STAR,2090,29.7
VA,FAIRFAX,51059,26.3
VA,FAIRFAX CITY,51600,58.2
CT,FAIRFIELD,9001,33.7
OH,FAIRFIELD,39045,48.5
SC,FAIRFIELD,45039,23.9
SD,FALL RIVER,46047,38.7
MT,FALLON,30025,5.3
TX,FALLS,48145,27.4
VA,FALLS CHURCH CITY,51610,21.8
GA,FANNIN,13111,75.7
TX,FANNIN,48147,18.4
MN,FARIBAULT,27043,25.6
SD,FAULK,46049,22.1
AR,FAULKNER,5045,64
VA,FAUQUIER,51061,33.1
AL,FAYETTE,1057,53.6
GA,FAYETTE,13113,71.3
IA,FAYETTE,19065,20.2
IL,FAYETTE,17051,18.8
IN,FAYETTE,18041,31.2
KY,FAYETTE,21067,115.3
OH,FAYETTE,39047,65.7
PA,FAYETTE,42051,81.1
TN,FAYETTE,47047,31.9
TX,FAYETTE,48149,63.2
WV,FAYETTE,54019,23.6
TN,FENTRESS,47049,37.4
MT,FERGUS,30027,32.6
WA,FERRY,53019,38
MN,FILLMORE,27045,17.9
NE,FILLMORE,31059,20
KS,FINNEY,20055,30.4
TX,FISHER,48151,3.1
FL,FLAGLER,12035,29.4
MT,FLATHEAD,30029,66.1
KY,FLEMING,21069,38.2
SC,FLORENCE,45041,125
WI,FLORENCE,55037,9.2
GA,FLOYD,13115,148.7
IA,FLOYD,19067,38.3
IN,FLOYD,18043,119.2
KY,FLOYD,21071,133.4
TX,FLOYD,48153,28.6
VA,FLOYD,51063,9
VA,FLUVANNA,51065,6.3
TX,FOARD,48155,51.7
WI,FOND DU LAC,55039,29
IL,FORD,17053,19.1
KS,FORD,20057,69.7
PA,FOREST,42053,2.8
WI,FOREST,55041,6.5
MS,FORREST,28035,193.8
GA,FORSYTH,13117,27.3
NC,FORSYTH,37067,95.3
TX,FORT BEND,48157,20.7
ND,FOSTER,38031,79.2
IN,FOUNTAIN,18045,18.6
AL,FRANKLIN,1059,89.4
AR,FRANKLIN,5047,40.2
FL,FRANKLIN,12037,22.6
GA,FRANKLIN,13119,37.5
IA,FRANKLIN,19069,5.6
ID,FRANKLIN,16041,51.3
IL,FRANKLIN,17055,29
IN,FRANKLIN,18047,25.6
KS,FRANKLIN,20059,40.9
KY,FRANKLIN,21073,48.7
LA,FRANKLIN,22041,62.9
MA,FRANKLIN,25011,26.4
ME,FRANKLIN,23007,28.5
MO,FRANKLIN,29071,48.3
MS,FRANKLIN,28037,4.6
NC,FRANKLIN,37069,12.8
NE,FRANKLIN,31061,80.6
NY,FRANKLIN,36033,32.1
OH,FRANKLIN,39049,60.4
PA,FRANKLIN,42055,33.3
TN,FRANKLIN,47051,52
TX,FRANKLIN,48159,28.3
VA,FRANKLIN,51067,16
VT,FRANKLIN,50011,32.4
WA,FRANKLIN,53021,12.4
VA,FRANKLIN CITY,51620,57
MD,FREDERICK,24021,56.6
VA,FREDERICK,51069,3.6
VA,FREDERICKSBURG CITY,51630,220.4
MN,FREEBORN,27047,17.9
TX,FREESTONE,48161,12.1
CO,FREMONT,8043,37.4
IA,FREMONT,19071,22.4
ID,FREMONT,16043,15.1
WY,FREMONT,56013,41
CA,FRESNO,6019,41.9
TX,FRIO,48163,9.4
NE,FRONTIER,31063,5
AR,FULTON,5049,62.1
GA,FULTON,13121,65
IL,FULTON,17057,49.5
IN,FULTON,18049,34.3
KY,FULTON,21075,19.2
NY,FULTON,36035,34
OH,FULTON,39051,19.1
PA,FULTON,42057,15.6
NE,FURNAS,31065,31.6
FL,GADSDEN,12039,8.5
NE,GAGE,31067,25.6
TX,GAINES,48165,10.7
VA,GALAX CITY,51640,96.7
IL,GALLATIN,17059,14.3
KY,GALLATIN,21077,75.3
MT,GALLATIN,30031,29.2
OH,GALLIA,39053,53.3
TX,GALVESTON,48167,41.2
NE,GARDEN,31069,30.2
CO,GARFIELD,8045,30
MT,GARFIELD,30033,9.6
NE,GARFIELD,31071,75
OK,GARFIELD,40047,58.8
UT,GARFIELD,49017,56.4
WA,GARFIELD,53023,71.3
AR,GARLAND,5051,112.9
KY,GARRARD,21079,26.9
MD,GARRETT,24023,40
OK,GARVIN,40049,29.7
TX,GARZA,48169,2
MO,GASCONADE,29073,30.9
NC,GASTON,37071,65.9
NC,GATES,37073,2.7
KS,GEARY,20061,38.9
OH,GEAUGA,39055,21.6
ID,GEM,16045,24.3
MI,GENESEE,26049,73.2
NY,GENESEE,36037,44.1
AL,GENEVA,1061,17
MO,GENTRY,29075,32.1
MS,GEORGE,28039,44.4
SC,GEORGETOWN,45043,49.8
IN,GIBSON,18051,35.9
TN,GIBSON,47053,60.3
AZ,GILA,4007,42.8
FL,GILCHRIST,12041,6.7
TN,GILES,47055,43.7
VA,GILES,51071,26.5
TX,GILLESPIE,48171,72
OR,GILLIAM,41021,22.5
GA,GILMER,13123,50.5
WV,GILMER,54021,8
CO,GILPIN,8047,0.1
MT,GLACIER,30035,17.3
MI,GLADWIN,26051,30.6
CA,GLENN,6021,25.2
NJ,GLOUCESTER,34015,36
VA,GLOUCESTER,51073,37.1
GA,GLYNN,13127,73.6
MI,GOGEBIC,26053,47.1
ND,GOLDEN VALLEY,38033,6.1
TX,GOLIAD,48175,4.7
TX,GONZALES,48177,13.7
VA,GOOCHLAND,51075,11.1
MN,GOODHUE,27049,20.2
ID,GOODING,16047,25.9
GA,GORDON,13129,68.9
WY,GOSHEN,56015,15
KS,GOVE,20063,24.1
GA,GRADY,13131,35.3
OK,GRADY,40051,25.1
NH,GRAFTON,33009,55.7
AZ,GRAHAM,4009,51.6
KS,GRAHAM,20065,13.9
NC,GRAHAM,37075,7.5
TN,GRAINGER,47057,12.4
CO,GRAND,8049,12.5
UT,GRAND,49019,46.5
ND,GRAND FORKS,38035,56.2
VT,GRAND ISLE,50013,12.7
MI,GRAND TRAVERSE,26055,81.3
MT,GRANITE,30039,18.5
AR,GRANT,5053,12.6
IN,GRANT,18053,34.8
KS,GRANT,20067,23.3
KY,GRANT,21081,18.4
LA,GRANT,22043,5.3
MN,GRANT,27051,24.2
ND,GRANT,38037,6.1
NM,GRANT,35017,40.1
OK,GRANT,40053,0.3
OR,GRANT,41023,35.9
SD,GRANT,46051,27.8
WA,GRANT,53025,31.7
WI,GRANT,55043,27.1
WV,GRANT,54023,57.1
NC,GRANVILLE,37077,24.1
MI,GRATIOT,26057,32.3
KY,GRAVES,21083,28.7
KS,GRAY,20069,22.7
TX,GRAY,48179,67.8
WA,GRAYS HARBOR,53027,49.1
KY,GRAYSON,21085,53.8
TX,GRAYSON,48181,64.4
VA,GRAYSON,51077,14.1
KS,GREELEY,20071,117.6
KY,GREEN,21087,24.7
WI,GREEN,55045,41.4
WI,GREEN LAKE,55047,21.6
WV,GREENBRIER,54025,58.6
AL,GREENE,1063,16.5
AR,GREENE,5055,98.8
GA,GREENE,13133,49.1
IA,GREENE,19073,43.3
IL,GREENE,17061,36.1
IN,GREENE,18055,37.1
MO,GREENE,29077,83
MS,GREENE,28041,14.3
NC,GREENE,37079,22.4
NY,GREENE,36039,18.3
OH,GREENE,39057,50.1
PA,GREENE,42059,17
TN,GREENE,47059,60.2
VA,GREENE,51079,12.9
AZ,GREENLEE,4011,1.6
VA,GREENSVILLE,51081,1.4
KY,GREENUP,21089,29.6
SC,GREENVILLE,45045,67.6
KS,GREENWOOD,20073,15.2
SC,GREENWOOD,45047,85.6
OK,GREER,40055,16
TX,GREGG,48183,105
SD,GREGORY,46053,60
MS,GRENADA,28043,63.2
ND,GRIGGS,38039,8.5
TX,GRIMES,48185,9.4
IA,GRUNDY,19075,33.8
IL,GRUNDY,17063,47.1
MO,GRUNDY,29079,34.8
TN,GRUNDY,47061,22.4
NM,GUADALUPE,35019,108.2
TX,GUADALUPE,48187,18.9
OH,GUERNSEY,39059,28.9
NC,GUILFORD,37081,55.9
FL,GULF,12045,49
CO,GUNNISON,8051,21
IA,GUTHRIE,19077,36.4
GA,GWINNETT,13135,29.2
SD,HAAKON,46055,119.1
GA,HABERSHAM,13137,27.2
AK,HAINES,2100,0.5
AL,HALE,1065,22.6
TX,HALE,48189,29.2
NC,HALIFAX,37083,50.1
VA,HALIFAX,51083,18.5
GA,HALL,13139,77.6
NE,HALL,31079,64.7
TX,HALL,48191,15.9
TN,HAMBLEN,47063,124.7
FL,HAMILTON,12047,5.8
IA,HAMILTON,19079,49.8
IL,HAMILTON,17065,10.5
IN,HAMILTON,18057,41.5
KS,HAMILTON,20075,6
NE,HAMILTON,31081,57.7
NY,HAMILTON,36041,27.6
OH,HAMILTON,39061,69.3
TN,HAMILTON,47065,101.1
TX,HAMILTON,48193,49.8
SD,HAMLIN,46057,1.6
MA,HAMPDEN,25013,44.1
MA,HAMPSHIRE,25015,33.7
WV,HAMPSHIRE,54027,20.2
SC,HAMPTON,45049,25.5
VA,HAMPTON CITY,51650,27.2
GA,HANCOCK,13141,10.1
IA,HANCOCK,19081,29.7
IL,HANCOCK,17067,34.5
IN,HANCOCK,18059,31
KY,HANCOCK,21091,2.6
ME,HANCOCK,23009,36.3
MS,HANCOCK,28045,33.9
OH,HANCOCK,39063,41.8
TN,HANCOCK,47067,74.9
WV,HANCOCK,54029,77.7
SD,HAND,46059,0.3
VA,HANOVER,51085,47.2
TX,HANSFORD,48195,5.9
SD,HANSON,46061,0.3
GA,HARALSON,13143,43.4
FL,HARDEE,12049,5.1
TN,HARDEMAN,47069,32.4
TX,HARDEMAN,48197,37.7
IA,HARDIN,19083,35.8
IL,HARDIN,17069,159.5
KY,HARDIN,21093,67.1
OH,HARDIN,39065,19.3
TN,HARDIN,47071,123
TX,HARDIN,48199,16.7
NM,HARDING,35021,31.9
SD,HARDING,46063,2
WV,HARDY,54031,26.6
MD,HARFORD,24025,35.1
KY,HARLAN,21095,63.2
NE,HARLAN,31083,34.6
OK,HARMON,40057,171.3
NC,HARNETT,37085,47.3
OR,HARNEY,41025,46.4
KS,HARPER,20077,38.7
OK,HARPER,40059,205.1
GA,HARRIS,13145,4.2
TX,HARRIS,48201,37.8
IA,HARRISON,19085,36.6
IN,HARRISON,18061,60.2
KY,HARRISON,21097,49.6
MO,HARRISON,29081,35.7
MS,HARRISON,28047,83.6
OH,HARRISON,39067,7.9
TX,HARRISON,48203,36.2
WV,HARRISON,54033,85.7
VA,HARRISONBURG CITY,51660,77.9
GA,HART,13147,34
KY,HART,21099,12.3
CT,HARTFORD,9003,39
KS,HARVEY,20079,72.8
KS,HASKELL,20081,18
OK,HASKELL,40061,43.3
TX,HASKELL,48207,4.9
HI,HAWAII,15001,36.9
TN,HAWKINS,47073,31.5
NE,HAYES,31085,2.3
TX,HAYS,48209,22.2
NC,HAYWOOD,37087,61.3
TN,HAYWOOD,47075,25.7
GA,HEARD,13149,0.1
TX,HEMPHILL,48211,1.5
AR,HEMPSTEAD,5057,40
IL,HENDERSON,17071,5.1
KY,HENDERSON,21101,63.6
NC,HENDERSON,37089,36.5
TN,HENDERSON,47077,42.4
TX,HENDERSON,48213,33.3
IN,HENDRICKS,18063,41.9
FL,HENDRY,12051,11.3
MN,HENNEPIN,27053,38
VA,HENRICO,51087,46.7
AL,HENRY,1067,46.2
GA,HENRY,13151,41.8
IA,HENRY,19087,30.8
IL,HENRY,17073,24.9
IN,HENRY,18065,46.3
KY,HENRY,21103,25.6
MO,HENRY,29083,68.7
OH,HENRY,39069,13.8
TN,HENRY,47079,70.5
VA,HENRY,51089,5.8
NY,HERKIMER,36043,17.5
FL,HERNANDO,12053,70.6
NC,HERTFORD,37091,59.2
ND,HETTINGER,38041,1.4
KY,HICKMAN,21105,48.3
TN,HICKMAN,47081,14.1
MO,HICKORY,29085,16.9
NM,HIDALGO,35023,14.2
TX,HIDALGO,48215,17.3
OH,HIGHLAND,39071,32.2
VA,HIGHLAND,51091,0.3
FL,HIGHLANDS,12055,36.6
MT,HILL,30041,30.2
TX,HILL,48217,34.6
FL,HILLSBOROUGH,12057,47.6
NH,HILLSBOROUGH,33011,32.3
MI,HILLSDALE,26059,31.2
MS,HINDS,28049,108.6
CO,HINSDALE,8053,17.1
NE,HITCHCOCK,31087,17.4
OH,HOCKING,39073,19.9
TX,HOCKLEY,48219,27.7
KS,HODGEMAN,20083,23.5
NC,HOKE,37093,14.7
FL,HOLMES,12059,54.3
MS,HOLMES,28051,22.7
OH,HOLMES,39075,8.6
MO,HOLT,29087,1.8
NE,HOLT,31089,48.8
HI,HONOLULU,15003,24.8
TX,HOOD,48221,56.8
OR,HOOD RIVER,41027,72.4
NE,HOOKER,31091,14.6
AK,HOONAH ANGOON,2105,3
VA,HOPEWELL CITY,51670,49.2
KY,HOPKINS,21107,89.7
TX,HOPKINS,48223,42.1
SC,HORRY,45051,54.3
AR,HOT SPRING,5059,38
WY,HOT SPRINGS,56017,98.5
MI,HOUGHTON,26061,31.5
AL,HOUSTON,1069,136.5
GA,HOUSTON,13153,56
MN,HOUSTON,27055,11.4
TN,HOUSTON,47083,57.8
TX,HOUSTON,48225,13.2
AR,HOWARD,5061,58.5
IA,HOWARD,19089,10.3
IN,HOWARD,18067,70.3
MD,HOWARD,24027,26.4
MO,HOWARD,29089,59.3
NE,HOWARD,31093,36
TX,HOWARD,48227,19.2
MO,HOWELL,29091,93.7
MN,HUBBARD,27057,29.5
NJ,HUDSON,34017,18.9
CO,HUERFANO,8055,33.8
OK,HUGHES,40063,7.3
SD,HUGHES,46065,39.6
CA,HUMBOLDT,6023,46.8
IA,HUMBOLDT,19091,21.5
NV,HUMBOLDT,32013,9.7
MS,HUMPHREYS,28053,17.7
TN,HUMPHREYS,47085,25.7
TX,HUNT,48231,29.3
NJ,HUNTERDON,34019,20.4
PA,HUNTINGDON,42061,15.9
IN,HUNTINGTON,18069,15.3
MI,HURON,26063,33.4
OH,HURON,39077,38.3
SD,HUTCHINSON,46067,54.8
TX,HUTCHINSON,48233,32.4
NC,HYDE,37095,2.7
SD,HYDE,46069,38.2
LA,IBERIA,22045,84.4
LA,IBERVILLE,22047,9.3
IA,IDA,19093,36.1
ID,IDAHO,16049,27.6
CA,IMPERIAL,6025,27.7
AR,INDEPENDENCE,5063,132.5
FL,INDIAN RIVER,12061,59.7
PA,INDIANA,42063,30.6
MI,INGHAM,26065,73.4
CA,INYO,6027,26.6
MI,IONIA,26067,33.3
MI,IOSCO,26069,53.9
IA,IOWA,19095,22.2
WI,IOWA,55049,26.2
NC,IREDELL,37097,74.4
MI,IRON,26071,39.5
MO,IRON,29093,9.2
UT,IRON,49021,53.6
WI,IRON,55051,29.7
IL,IROQUOIS,17075,36.9
GA,IRWIN,13155,30.7
MI,ISABELLA,26073,31.7
MN,ISANTI,27059,23.2
WA,ISLAND,53029,19
VA,ISLE OF WIGHT,51093,12.7
MN,ITASCA,27061,30.3
MS,ITAWAMBA,28057,26.6
AR,IZARD,5065,70.5
TX,JACK,48237,8.5
AL,JACKSON,1071,71.7
AR,JACKSON,5067,55
CO,JACKSON,8057,11.3
FL,JACKSON,12063,44.6
GA,JACKSON,13157,46.9
IA,JACKSON,19097,13.8
IL,JACKSON,17077,98.3
IN,JACKSON,18071,59.5
KS,JACKSON,20085,25.3
KY,JACKSON,21109,5.9
LA,JACKSON,22049,20.2
MI,JACKSON,26075,40.2
MN,JACKSON,27063,14.9
MO,JACKSON,29095,58.4
MS,JACKSON,28059,66.2
NC,JACKSON,37099,37.8
OH,JACKSON,39079,28.6
OK,JACKSON,40065,42.6
OR,JACKSON,41029,82.8
SD,JACKSON,46071,8.8
TN,JACKSON,47087,7.7
TX,JACKSON,48239,16.5
WI,JACKSON,55053,12.9
WV,JACKSON,54035,19.7
VA,JAMES CITY,51095,39.2
GA,JASPER,13159,22.8
IA,JASPER,19099,33.3
IL,JASPER,17079,19.9
IN,JASPER,18073,71.7
MO,JASPER,29097,95.8
MS,JASPER,28061,3.3
SC,JASPER,45053,16.9
TX,JASPER,48241,27.4
IN,JAY,18075,15.9
GA,JEFF DAVIS,13161,31.6
TX,JEFF DAVIS,48243,42.8
AL,JEFFERSON,1073,139
AR,JEFFERSON,5069,98.7
CO,JEFFERSON,8059,35.9
FL,JEFFERSON,12065,2.9
GA,JEFFERSON,13163,40.9
IA,JEFFERSON,19101,37.6
ID,JEFFERSON,16051,17.6
IL,JEFFERSON,17081,96.1
IN,JEFFERSON,18077,61.9
KS,JEFFERSON,20087,13
KY,JEFFERSON,21111,86.5
LA,JEFFERSON,22051,88.6
MO,JEFFERSON,29099,32.1
MS,JEFFERSON,28063,2.7
MT,JEFFERSON,30043,15.3
NE,JEFFERSON,31095,44.5
NY,JEFFERSON,36045,49
OH,JEFFERSON,39081,76.7
OK,JEFFERSON,40067,23.3
OR,JEFFERSON,41031,23.7
PA,JEFFERSON,42065,27.8
TN,JEFFERSON,47089,59.9
TX,JEFFERSON,48245,70.3
WA,JEFFERSON,53031,45.5
WI,JEFFERSON,55055,15.5
WV,JEFFERSON,54037,23.6
LA,JEFFERSON DAVIS,22053,47.4
MS,JEFFERSON DAVIS,28065,23.7
GA,JENKINS,13165,32.5
IN,JENNINGS,18079,21.5
SD,JERAULD,46073,108.1
ID,JEROME,16053,25.3
IL,JERSEY,17083,68.3
KY,JESSAMINE,21113,34.3
KS,JEWELL,20089,0.2
TX,JIM WELLS,48249,44
IL,JO DAVIESS,17085,25.4
AR,JOHNSON,5071,52.3
GA,JOHNSON,13167,18.9
IA,JOHNSON,19103,67.9
IL,JOHNSON,17087,13.1
IN,JOHNSON,18081,67
KS,JOHNSON,20091,55.9
KY,JOHNSON,21115,109.8
MO,JOHNSON,29101,31.5
NE,JOHNSON,31097,51
TN,JOHNSON,47091,35
TX,JOHNSON,48251,37.3
WY,JOHNSON,56019,29.6
NC,JOHNSTON,37101,35.3
OK,JOHNSTON,40069,15.5
GA,JONES,13169,24.5
IA,JONES,19105,17.3
MS,JONES,28067,104.2
NC,JONES,37103,8.1
SD,JONES,46075,31.2
TX,JONES,48253,10.8
OR,JOSEPHINE,41033,47.1
UT,JUAB,49023,37.1
MT,JUDITH BASIN,30045,1.2
AK,JUNEAU,2110,29.2
WI,JUNEAU,55057,36.5
PA,JUNIATA,42067,25.9
MI,KALAMAZOO,26077,64.7
MI,KALKASKA,26079,39.9
MN,KANABEC,27065,32.3
WV,KANAWHA,54039,87
MN,KANDIYOHI,27067,29.1
IL,KANE,17089,21.1
UT,KANE,49025,46.7
IL,KANKAKEE,17091,55.1
TX,KARNES,48255,23.2
HI,KAUAI,15007,29.7
TX,KAUFMAN,48257,20.7
OK,KAY,40071,42.2
NE,KEARNEY,31099,28.3
KS,KEARNY,20093,70.4
NE,KEITH,31101,47.4
MS,KEMPER,28069,3.6
AK,KENAI PENINSULA,2122,47.3
IL,KENDALL,17093,11.3
TX,KENDALL,48259,29.5
ME,KENNEBEC,23011,60.9
WI,KENOSHA,55059,30
DE,KENT,10001,29.7
MD,KENT,24029,69.8
MI,KENT,26081,59.6
RI,KENT,44003,46.3
KY,KENTON,21117,79.4
IA,KEOKUK,19107,4.3
CA,KERN,6029,35.1
TX,KERR,48265,39.4
SC,KERSHAW,45055,29.7
AK,KETCHIKAN GATEWAY,2130,49.5
WI,KEWAUNEE,55061,12.4
ND,KIDDER,38043,18.3
NE,KIMBALL,31105,35.9
TX,KIMBLE,48267,18.9
WA,KING,53033,36.4
VA,KING AND QUEEN,51097,0.5
VA,KING GEORGE,51099,4.9
VA,KING WILLIAM,51101,9.3
OK,KINGFISHER,40073,110.9
KS,KINGMAN,20095,24.7
CA,KINGS,6031,36.1
NY,KINGS,36047,14.6
SD,KINGSBURY,46077,23.9
TX,KINNEY,48271,1.6
CO,KIOWA,8061,25.4
KS,KIOWA,20097,74.4
OK,KIOWA,40075,20.1
CO,KIT CARSON,8063,24.3
WA,KITSAP,53035,36.1
WA,KITTITAS,53037,18.4
MN,KITTSON,27069,13.7
OR,KLAMATH,41035,39.7
TX,KLEBERG,48273,23.6
WA,KLICKITAT,53039,30.8
KY,KNOTT,21119,45.9
IL,KNOX,17095,63.3
IN,KNOX,18083,98.5
KY,KNOX,21121,61.2
ME,KNOX,23013,34.1
MO,KNOX,29103,1.1
NE,KNOX,31107,28.4
OH,KNOX,39083,19.9
TN,KNOX,47093,105.8
TX,KNOX,48275,26.4
AK,KODIAK ISLAND,2150,18
MN,KOOCHICHING,27071,36.5
ID,KOOTENAI,16055,59
IN,KOSCIUSKO,18085,19.2
IA,KOSSUTH,19109,15.2
AK,KUSILVAK,2158,1
WI,LA CROSSE,55063,53.4
AZ,LA PAZ,4012,14.8
CO,LA PLATA,8067,48.8
IN,LA PORTE,18091,52.9
IL,LA SALLE,17099,28.7
LA,LA SALLE,22059,65.7
TX,LA SALLE,48283,8
KS,LABETTE,20099,63.8
MN,LAC QUI PARLE,27073,42.5
PA,LACKAWANNA,42069,65.3
MO,LACLEDE,29105,36.4
AR,LAFAYETTE,5073,91.5
FL,LAFAYETTE,12067,22.4
LA,LAFAYETTE,22055,88.2
MO,LAFAYETTE,29107,29.4
MS,LAFAYETTE,28071,72.3
WI,LAFAYETTE,55065,20.3
LA,LAFOURCHE,22057,46
IN,LAGRANGE,18087,10.1
CA,LAKE,6033,27
CO,LAKE,8065,11.3
FL,LAKE,12069,45.4
IL,LAKE,17097,35
IN,LAKE,18089,62
MI,LAKE,26085,6.7
MN,LAKE,27075,13.2
MT,LAKE,30047,39.5
OH,LAKE,39085,38.6
OR,LAKE,41037,44.4
SD,LAKE,46079,19.3
TN,LAKE,47095,11.3
MN,LAKE OF THE WOODS,27077,4.7
AL,LAMAR,1075,10.7
GA,LAMAR,13171,16.4
MS,LAMAR,28073,13.8
TX,LAMAR,48277,68.2
TX,LAMB,48279,14.5
VT,LAMOILLE,50015,36.2
ND,LAMOURE,38045,7.5
TX,LAMPASAS,48281,15.9
NE,LANCASTER,31109,47.6
PA,LANCASTER,42071,32.8
SC,LANCASTER,45057,30.3
VA,LANCASTER,51103,42.5
NV,LANDER,32015,1.7
KS,LANE,20101,38.5
OR,LANE,41039,61.2
WI,LANGLADE,55067,40.5
GA,LANIER,13173,26.5
MI,LAPEER,26087,31.1
WY,LARAMIE,56021,51.1
CO,LARIMER,8069,39
KY,LARUE,21123,25.4
CO,LAS ANIMAS,8071,66
CA,LASSEN,6035,36.3
ID,LATAH,16057,26.5
OK,LATIMER,40077,54.1
AL,LAUDERDALE,1077,57.3
MS,LAUDERDALE,28075,157.7
TN,LAUDERDALE,47097,62.8
KY,LAUREL,21125,88.9
GA,LAURENS,13175,96.3
SC,LAURENS,45059,34.5
TX,LAVACA,48285,12.4
AL,LAWRENCE,1079,28.3
AR,LAWRENCE,5075,45.2
IL,LAWRENCE,17101,42.5
IN,LAWRENCE,18093,34.7
KY,LAWRENCE,21127,44.5
MO,LAWRENCE,29109,35.7
MS,LAWRENCE,28077,44.3
OH,LAWRENCE,39087,50.8
PA,LAWRENCE,42073,41.3
SD,LAWRENCE,46081,31.7
TN,LAWRENCE,47099,37
OK,LE FLORE,40079,38.2
MN,LE SUEUR,27079,2
NM,LEA,35025,35.1
MS,LEAKE,28079,46.2
KS,LEAVENWORTH,20103,27.4
PA,LEBANON,42075,27.4
AL,LEE,1081,35.4
AR,LEE,5077,82
FL,LEE,12071,41.5
GA,LEE,13177,28.7
IA,LEE,19111,34.6
IL,LEE,17103,23.4
KY,LEE,21129,85.4
MS,LEE,28081,117
NC,LEE,37105,56.1
SC,LEE,45061,13.2
TX,LEE,48287,11
VA,LEE,51105,57
MI,LEELANAU,26089,6.1
MS,LEFLORE,28083,108.2
PA,LEHIGH,42077,39.9
ID,LEMHI,16059,32.7
MI,LENAWEE,26091,38.9
NC,LENOIR,37107,42.8
FL,LEON,12073,61.4
TX,LEON,48289,7.8
KY,LESLIE,21131,36
KY,LETCHER,21133,33.8
FL,LEVY,12075,55
ID,LEWIS,16061,14.1
KY,LEWIS,21135,17.3
MO,LEWIS,29111,55
NY,LEWIS,36049,21.8
TN,LEWIS,47101,33.7
WA,LEWIS,53041,37.2
WV,LEWIS,54041,59.4
MT,LEWIS AND CLARK,30049,44.7
SC,LEXINGTON,45063,57.7
VA,LEXINGTON CITY,51678,113.6
FL,LIBERTY,12077,2
GA,LIBERTY,13179,32.6
MT,LIBERTY,30051,10.1
TX,LIBERTY,48291,28.8
OH,LICKING,39089,21.2
AL,LIMESTONE,1083,26.9
TX,LIMESTONE,48293,25.9
AR,LINCOLN,5079,11.1
CO,LINCOLN,8073,18.5
GA,LINCOLN,13181,65.1
ID,LINCOLN,16063,13.4
KS,LINCOLN,20105,6.3
KY,LINCOLN,21137,9.7
LA,LINCOLN,22061,52.7
ME,LINCOLN,23015,37.1
MN,LINCOLN,27081,51.8
MO,LINCOLN,29113,27.4
MS,LINCOLN,28085,79.3
MT,LINCOLN,30053,56.1
NC,LINCOLN,37109,34.2
NE,LINCOLN,31111,76.8
NM,LINCOLN,35027,28.1
NV,LINCOLN,32017,48.4
OK,LINCOLN,40081,22.3
OR,LINCOLN,41041,38.1
SD,LINCOLN,46083,30.5
TN,LINCOLN,47103,28.4
WA,LINCOLN,53043,64.4
WI,LINCOLN,55069,27.1
WV,LINCOLN,54043,26.8
WY,LINCOLN,56023,40.7
IA,LINN,19113,33.6
KS,LINN,20107,9.8
MO,LINN,29115,18
OR,LINN,41043,30.4
TX,LIPSCOMB,48295,0.1
CT,LITCHFIELD,9005,22.8
AR,LITTLE RIVER,5081,96.4
TX,LIVE OAK,48297,5.3
IL,LIVINGSTON,17105,44
KY,LIVINGSTON,21139,31.3
LA,LIVINGSTON,22063,17.1
MI,LIVINGSTON,26093,25.4
MO,LIVINGSTON,29117,21.1
NY,LIVINGSTON,36051,40.2
TX,LLANO,48299,20.8
AR,LOGAN,5083,24.6
CO,LOGAN,8075,30.2
IL,LOGAN,17107,30.1
KS,LOGAN,20109,44.1
KY,LOGAN,21141,21.6
OH,LOGAN,39091,30.2
OK,LOGAN,40083,7
WV,LOGAN,54045,85.1
GA,LONG,13183,0.2
AR,LONOKE,5085,16.9
OH,LORAIN,39093,31.1
NM,LOS ALAMOS,35028,35.6
CA,LOS ANGELES,6037,24.5
TN,LOUDON,47105,20.3
VA,LOUDOUN,51107,17.2
IA,LOUISA,19115,12.1
VA,LOUISA,51109,8.7
OK,LOVE,40085,126.2
AL,LOWNDES,1085,8.3
GA,LOWNDES,13185,70.3
MS,LOWNDES,28087,56.2
TX,LUBBOCK,48303,85.7
IA,LUCAS,19117,40.9
OH,LUCAS,39095,79
MI,LUCE,26095,41.9
GA,LUMPKIN,13187,22.5
NM,LUNA,35029,44.9
VA,LUNENBURG,51111,6.3
PA,LUZERNE,42079,49.4
PA,LYCOMING,42081,50.4
SD,LYMAN,46085,4
VA,LYNCHBURG CITY,51680,104.5
TX,LYNN,48305,11.9
IA,LYON,19119,20
KS,LYON,20111,39.7
KY,LYON,21143,47.9
MN,LYON,27083,25
NV,LYON,32019,10.2
MI,MACKINAC,26097,42.6
MI,MACOMB,26099,54
AL,MACON,1087,11.3
GA,MACON,13193,25.6
IL,MACON,17115,70.9
MO,MACON,29121,31.2
NC,MACON,37113,22.4
TN,MACON,47111,15.7
IL,MACOUPIN,17117,22.2
CA,MADERA,6039,20.3
AL,MADISON,1089,87.3
AR,MADISON,5087,29.5
FL,MADISON,12079,17.5
GA,MADISON,13195,5.5
IA,MADISON,19121,28
ID,MADISON,16065,27.7
IL,MADISON,17119,54.6
IN,MADISON,18095,60
KY,MADISON,21151,29.7
LA,MADISON,22065,4.5
MO,MADISON,29123,38.8
MS,MADISON,28089,49.2
MT,MADISON,30057,9.4
NC,MADISON,37115,11
NE,MADISON,31119,92.2
NY,MADISON,36053,43
OH,MADISON,39097,23.1
TN,MADISON,47113,145.1
TX,MADISON,48313,23.2
VA,MADISON,51113,4.9
KY,MAGOFFIN,21153,68.3
IA,MAHASKA,19123,40.9
MN,MAHNOMEN,27087,5
OH,MAHONING,39099,77.2
OK,MAJOR,40093,16.5
OR,MALHEUR,41045,84.4
VA,MANASSAS CITY,51683,73.4
FL,MANATEE,12081,36.6
MI,MANISTEE,26101,58.6
WI,MANITOWOC,55071,29.4
WI,MARATHON,55073,46.4
AL,MARENGO,1091,58.8
AZ,MARICOPA,4013,42.4
MO,MARIES,29125,5.2
CA,MARIN,6041,21.2
WI,MARINETTE,55075,40.1
AL,MARION,1093,106
AR,MARION,5089,7.2
FL,MARION,12083,58.4
GA,MARION,13197,1.6
IA,MARION,19125,34.7
IL,MARION,17121,55.5
IN,MARION,18097,67.2
KS,MARION,20115,8.5
KY,MARION,21155,40.5
MO,MARION,29127,83.6
MS,MARION,28091,56.9
OH,MARION,39101,73.6
OR,MARION,41047,37.9
SC,MARION,45067,41.5
TN,MARION,47115,29.2
TX,MARION,48315,9.8
WV,MARION,54049,37.1
CA,MARIPOSA,6043,15.6
SC,MARLBORO,45069,18.7
MI,MARQUETTE,26103,57.4
WI,MARQUETTE,55077,2.6
AL,MARSHALL,1095,92.2
IA,MARSHALL,19127,33.1
IL,MARSHALL,17123,20.8
IN,MARSHALL,18099,23.2
KS,MARSHALL,20117,32.5
KY,MARSHALL,21157,37.1
MN,MARSHALL,27089,9.1
MS,MARSHALL,28093,23.4
OK,MARSHALL,40095,18.3
SD,MARSHALL,46091,13.8
TN,MARSHALL,47117,54.3
WV,MARSHALL,54051,74.6
FL,MARTIN,12085,56.9
IN,MARTIN,18101,46.9
KY,MARTIN,21159,76.4
MN,MARTIN,27091,51.1
NC,MARTIN,37117,23.9
TX,MARTIN,48317,24.5
VA,MARTINSVILLE CITY,51690,343.7
IL,MASON,17125,22.7
KY,MASON,21161,50.4
MI,MASON,26105,48.6
TX,MASON,48319,2.5
WA,MASON,53045,15.9
WV,MASON,54053,56.2
IL,MASSAC,17127,86.3
TX,MATAGORDA,48321,30
AK,MATANUSKA SUSITNA,2170,38
VA,MATHEWS,51115,3.4
HI,MAUI,15009,28.8
TN,MAURY,47119,91.4
TX,MAVERICK,48323,9.5
OK,MAYES,40097,28.8
OK,MCCLAIN,40087,25.4
MT,MCCONE,30055,23.3
SD,MCCOOK,46087,18.3
SC,MCCORMICK,45065,11.8
KY,MCCRACKEN,21145,244.4
KY,MCCREARY,21147,26.6
TX,MCCULLOCH,48307,17.6
OK,MCCURTAIN,40089,17
MO,MCDONALD,29119,8.2
IL,MCDONOUGH,17109,49.4
NC,MCDOWELL,37111,42.4
WV,MCDOWELL,54047,20.7
GA,MCDUFFIE,13189,64.1
IL,MCHENRY,17111,27.6
ND,MCHENRY,38049,5.8
GA,MCINTOSH,13191,4.9
ND,MCINTOSH,38051,20.1
OK,MCINTOSH,40091,10.7
PA,MCKEAN,42083,46.4
ND,MCKENZIE,38053,12
NM,MCKINLEY,35031,13
IL,MCLEAN,17113,50.9
KY,MCLEAN,21149,9.9
ND,MCLEAN,38055,22.6
TX,MCLENNAN,48309,48.9
MN,MCLEOD,27085,23.3
TN,MCMINN,47107,58
TN,MCNAIRY,47109,67.8
KS,MCPHERSON,20113,34.5
SD,MCPHERSON,46089,4.4
KS,MEADE,20119,26.5
KY,MEADE,21163,7.1
SD,MEADE,46093,6.9
MT,MEAGHER,30059,34.4
NC,MECKLENBURG,37119,51.3
VA,MECKLENBURG,51117,47.3
MI,MECOSTA,26107,73.2
OH,MEDINA,39103,21.3
TX,MEDINA,48325,15
MN,MEEKER,27093,7.5
OH,MEIGS,39105,8
TN,MEIGS,47121,19.7
SD,MELLETTE,46095,2.3
IL,MENARD,17129,1
TX,MENARD,48327,1.6
CA,MENDOCINO,6045,56.8
KY,MENIFEE,21165,14.1
MI,MENOMINEE,26109,15.4
WI,MENOMINEE,55078,9.6
CA,MERCED,6047,32.8
IL,MERCER,17131,21.3
KY,MERCER,21167,19.4
MO,MERCER,29129,21.7
ND,MERCER,38057,32.5
NJ,MERCER,34021,34
OH,MERCER,39107,22.5
PA,MERCER,42085,70.7
WV,MERCER,54055,54.7
GA,MERIWETHER,13199,35
NE,MERRICK,31121,39
NH,MERRIMACK,33013,46.7
CO,MESA,8077,52.9
KY,METCALFE,21169,16.6
IN,MIAMI,18103,23.5
KS,MIAMI,20121,23.3
OH,MIAMI,39109,25.3
FL,MIAMI-DADE,12086,23.6
CT,MIDDLESEX,9007,26.2
MA,MIDDLESEX,25017,22.6
NJ,MIDDLESEX,34023,27.7
VA,MIDDLESEX,51119,7.7
MI,MIDLAND,26111,50.6
TX,MIDLAND,48329,21.3
PA,MIFFLIN,42087,36.2
TX,MILAM,48331,24.1
UT,MILLARD,49027,27.9
MN,MILLE LACS,27095,30.2
AR,MILLER,5091,83.4
GA,MILLER,13201,74.6
MO,MILLER,29131,19.8
IA,MILLS,19129,35.6
TX,MILLS,48333,7.6
WI,MILWAUKEE,55079,62.6
SD,MINER,46097,4
MT,MINERAL,30061,25
NV,MINERAL,32021,46.6
WV,MINERAL,54057,26.5
WV,MINGO,54059,68
ID,MINIDOKA,16067,18.2
SD,MINNEHAHA,46099,53.9
MI,MISSAUKEE,26113,6.2
AR,MISSISSIPPI,5093,59.5
MO,MISSISSIPPI,29133,64.3
MT,MISSOULA,30063,59.2
GA,MITCHELL,13205,38.5
IA,MITCHELL,19131,18.7
KS,MITCHELL,20123,66.5
NC,MITCHELL,37121,76.3
TX,MITCHELL,48335,52.7
AL,MOBILE,1097,98
CA,MODOC,6049,36.4
CO,MOFFAT,8081,33.5
AZ,MOHAVE,4015,66.4
MO,MONITEAU,29135,10.2
NJ,MONMOUTH,34025,38.6
CA,MONO,6051,31.8
IA,MONONA,19133,37.9
WV,MONONGALIA,54061,62
AL,MONROE,1099,53.7
AR,MONROE,5095,5.9
FL,MONROE,12087,34.3
GA,MONROE,13207,22.8
IA,MONROE,19135,84.1
IL,MONROE,17133,21.7
IN,MONROE,18105,61.5
KY,MONROE,21171,36.5
MI,MONROE,26115,37.2
MO,MONROE,29137,7.8
MS,MONROE,28095,39.3
NY,MONROE,36055,40.2
OH,MONROE,39111,13.1
PA,MONROE,42089,30
TN,MONROE,47123,54.9
WI,MONROE,55081,32.1
WV,MONROE,54063,16.5
TX,MONTAGUE,48337,39
MI,MONTCALM,26117,47.7
CA,MONTEREY,6053,25.8
CO,MONTEZUMA,8083,29.8
AL,MONTGOMERY,1101,86.3
AR,MONTGOMERY,5097,80.6
GA,MONTGOMERY,13209,13.7
IA,MONTGOMERY,19137,34.6
IL,MONTGOMERY,17135,49.1
IN,MONTGOMERY,18107,23.7
KS,MONTGOMERY,20125,42.6
KY,MONTGOMERY,21173,64.2
MD,MONTGOMERY,24031,25
MO,MONTGOMERY,29139,33.4
MS,MONTGOMERY,28097,18.6
NC,MONTGOMERY,37123,28.2
NY,MONTGOMERY,36057,50.7
OH,MONTGOMERY,39113,69.6
PA,MONTGOMERY,42091,47.9
TN,MONTGOMERY,47125,42.5
TX,MONTGOMERY,48339,37.5
VA,MONTGOMERY,51121,49.3
MI,MONTMORENCY,26119,17.4
PA,MONTOUR,42093,260.7
CO,MONTROSE,8085,37.1
SD,MOODY,46101,14.6
NC,MOORE,37125,124.5
TN,MOORE,47127,15.9
TX,MOORE,48341,33.5
NM,MORA,35033,2
LA,MOREHOUSE,22067,42.9
AL,MORGAN,1103,67.9
CO,MORGAN,8087,25
GA,MORGAN,13211,22.2
IL,MORGAN,17137,53.6
IN,MORGAN,18109,39.9
KY,MORGAN,21175,50
MO,MORGAN,29141,6.3
OH,MORGAN,39115,10.3
TN,MORGAN,47129,33.8
UT,MORGAN,49029,22.8
WV,MORGAN,54065,23.1
NE,MORRILL,31123,12.4
KS,MORRIS,20127,11.3
NJ,MORRIS,34027,32.3
TX,MORRIS,48343,12.8
MN,MORRISON,27097,35.7
OH,MORROW,39117,6.4
OR,MORROW,41049,16.9
KS,MORTON,20129,102.8
ND,MORTON,38059,11
IL,MOULTRIE,17139,7.2
ND,MOUNTRAIL,38061,2.2
MN,MOWER,27099,14.6
KY,MUHLENBERG,21177,40.7
OR,MULTNOMAH,41051,47.6
GA,MURRAY,13213,30.9
MN,MURRAY,27101,20.6
OK,MURRAY,40099,51.2
IA,MUSCATINE,19139,29.8
GA,MUSCOGEE,13215,102.4
MI,MUSKEGON,26121,66.5
OH,MUSKINGUM,39119,57.8
OK,MUSKOGEE,40101,71.4
MT,MUSSELSHELL,30065,25.9
TX,NACOGDOCHES,48347,54.1
NE,NANCE,31125,4.5
MA,NANTUCKET,25019,24.2
CA,NAPA,6055,22.9
NC,NASH,37127,79.2
FL,NASSAU,12089,31.5
NY,NASSAU,36059,41.3
LA,NATCHITOCHES,22069,30.3
WY,NATRONA,56025,68
AZ,NAVAJO,4017,43.6
TX,NAVARRO,48349,23.7
KY,NELSON,21179,39.6
ND,NELSON,38063,5.3
VA,NELSON,51125,20.5
KS,NEMAHA,20131,14.5
NE,NEMAHA,31127,77.9
KS,NEOSHO,20133,81.4
MS,NESHOBA,28099,24.3
KS,NESS,20135,52.7
AR,NEVADA,5099,21.7
CA,NEVADA,6057,38.7
DE,NEW CASTLE,10003,46.8
NC,NEW HANOVER,37129,80.5
CT,NEW HAVEN,9009,48.9
VA,NEW KENT,51127,17.3
CT,NEW LONDON,9011,35.4
MO,NEW MADRID,29143,4.4
NY,NEW YORK,36061,56.3
MI,NEWAYGO,26123,35
SC,NEWBERRY,45071,37.1
RI,NEWPORT,44005,26.8
VA,NEWPORT NEWS CITY,51700,56.3
AR,NEWTON,5101,1.4
GA,NEWTON,13217,37
IN,NEWTON,18111,2.6
MO,NEWTON,29145,17.8
MS,NEWTON,28101,15.3
TX,NEWTON,48351,7.1
ID,NEZ PERCE,16069,123.1
NY,NIAGARA,36063,27.2
KY,NICHOLAS,21181,1.2
WV,NICHOLAS,54067,47.3
MN,NICOLLET,27103,15.6
WY,NIOBRARA,56027,5.8
IN,NOBLE,18113,17.4
OH,NOBLE,39121,7.3
OK,NOBLE,40103,4.1
MN,NOBLES,27105,18.2
MO,NODAWAY,29147,37.8
TX,NOLAN,48353,25
AK,NOME,2180,3
MA,NORFOLK,25021,24.7
VA,NORFOLK CITY,51710,69.6
MN,NORMAN,27107,9.8
AK,NORTH SLOPE,2185,2.2
NC,NORTHAMPTON,37131,8.8
PA,NORTHAMPTON,42095,50.4
VA,NORTHAMPTON,51131,65.9
PA,NORTHUMBERLAND,42097,35.5
VA,NORTHUMBERLAND,51133,7.5
AK,NORTHWEST ARCTIC,2188,11.2
KS,NORTON,20137,70.1
VA,NORTON CITY,51720,406.7
VA,NOTTOWAY,51135,32.7
OK,NOWATA,40105,37.1
MS,NOXUBEE,28103,14.1
NE,NUCKOLLS,31129,7.4
TX,NUECES,48355,70
NV,NYE,32023,38.5
MI,OAKLAND,26125,69.7
TN,OBION,47131,91
IA,OBRIEN,19141,41.2
NJ,OCEAN,34029,20.2
MI,OCEANA,26127,42.4
TX,OCHILTREE,48357,21
GA,OCONEE,13219,39.8
SC,OCONEE,45073,56.4
WI,OCONTO,55083,19.2
MI,OGEMAW,26129,78.2
SD,OGLALA LAKOTA,46102,3
IL,OGLE,17141,16.2
GA,OGLETHORPE,13221,3.6
IN,OHIO,18115,53.3
KY,OHIO,21183,82.2
WV,OHIO,54069,86.8
FL,OKALOOSA,12091,43
WA,OKANOGAN,53047,42.6
FL,OKEECHOBEE,12093,61.7
OK,OKFUSKEE,40107,4.5
OK,OKLAHOMA,40109,97.3
OK,OKMULGEE,40111,14.7
MS,OKTIBBEHA,28105,69.5
KY,OLDHAM,21185,17.6
ND,OLIVER,38065,0.1
MN,OLMSTED,27109,84.3
ID,ONEIDA,16071,63.9
NY,ONEIDA,36065,39.6
WI,ONEIDA,55085,50.4
NY,ONONDAGA,36067,59.5
NC,ONSLOW,37133,46.8
NY,ONTARIO,36069,36.5
MI,ONTONAGON,26131,49.5
CA,ORANGE,6059,29.8
FL,ORANGE,12095,35.7
IN,ORANGE,18117,27.7
NC,ORANGE,37135,90.9
NY,ORANGE,36071,29
TX,ORANGE,48361,52.4
VA,ORANGE,51137,18.1
VT,ORANGE,50017,21.4
SC,ORANGEBURG,45075,43.8
MO,OREGON,29149,7.6
LA,ORLEANS,22071,87.6
NY,ORLEANS,36073,21.2
VT,ORLEANS,50019,38.3
KS,OSAGE,20139,17.4
MO,OSAGE,29151,19.7
OK,OSAGE,40113,11
KS,OSBORNE,20141,61.3
FL,OSCEOLA,12097,23.3
IA,OSCEOLA,19143,12.8
MI,OSCEOLA,26133,19.8
MI,OSCODA,26135,8.2
NY,OSWEGO,36075,22.5
CO,OTERO,8089,34.2
NM,OTERO,35035,33.1
NE,OTOE,31131,38
MI,OTSEGO,26137,111.5
NY,OTSEGO,36077,47.7
KS,OTTAWA,20143,14.1
MI,OTTAWA,26139,28
OH,OTTAWA,39123,18.8
OK,OTTAWA,40115,33.4
MN,OTTER TAIL,27111,23.7
AR,OUACHITA,5103,70.7
LA,OUACHITA,22073,93.9
CO,OURAY,8091,15.9
WI,OUTAGAMIE,55087,40.2
TN,OVERTON,47133,67.8
IN,OWEN,18119,23.9
KY,OWEN,21187,10.3
KY,OWSLEY,21189,192.2
ID,OWYHEE,16073,6.6
ME,OXFORD,23017,26.6
MO,OZARK,29153,13.7
WI,OZAUKEE,55089,45.4
WA,PACIFIC,53049,17.6
IA,PAGE,19145,47.7
VA,PAGE,51139,35.9
FL,PALM BEACH,12099,41.7
IA,PALO ALTO,19147,8.6
TX,PALO PINTO,48363,25.6
NC,PAMLICO,37137,3.9
MS,PANOLA,28107,23.2
TX,PANOLA,48365,21.2
CO,PARK,8093,0.7
MT,PARK,30067,28
WY,PARK,56029,55.6
IN,PARKE,18121,38.5
TX,PARKER,48367,27.4
TX,PARMER,48369,19.8
FL,PASCO,12101,60.4
NC,PASQUOTANK,37139,55.4
NJ,PASSAIC,34031,28.5
VA,PATRICK,51141,40.4
GA,PAULDING,13223,25.5
OH,PAULDING,39125,14.1
KS,PAWNEE,20145,19
NE,PAWNEE,31133,37.8
OK,PAWNEE,40117,26.1
ID,PAYETTE,16075,50.7
OK,PAYNE,40119,39.8
GA,PEACH,13225,46.1
MS,PEARL RIVER,28109,32.9
TX,PECOS,48371,18.8
ND,PEMBINA,38067,39.1
MO,PEMISCOT,29155,32.4
WA,PEND OREILLE,53051,83.5
NC,PENDER,37141,19.6
KY,PENDLETON,21191,23.3
WV,PENDLETON,54071,8.9
MN,PENNINGTON,27113,35.8
SD,PENNINGTON,46103,49.7
ME,PENOBSCOT,23019,42.9
IL,PEORIA,17143,98.8
WI,PEPIN,55091,26
NE,PERKINS,31135,86.9
SD,PERKINS,46105,53.1
NC,PERQUIMANS,37143,15.6
AL,PERRY,1105,17.3
AR,PERRY,5105,12
IL,PERRY,17145,59.3
IN,PERRY,18123,21.6
KY,PERRY,21193,316.5
MO,PERRY,29157,7
MS,PERRY,28111,35.8
OH,PERRY,39127,32
PA,PERRY,42099,15.1
TN,PERRY,47135,99.6
NV,PERSHING,32027,14.9
NC,PERSON,37145,19.5
AK,PETERSBURG,2195,67
VA,PETERSBURG CITY,51730,48.7
MO,PETTIS,29159,35
MO,PHELPS,29161,76.9
NE,PHELPS,31137,89.7
PA,PHILADELPHIA,42101,43.2
AR,PHILLIPS,5107,84.2
CO,PHILLIPS,8095,31.6
KS,PHILLIPS,20147,49.8
MT,PHILLIPS,30071,41.3
IL,PIATT,17147,25.5
OH,PICKAWAY,39129,30.5
AL,PICKENS,1107,43.7
GA,PICKENS,13227,32.8
SC,PICKENS,45077,74.9
TN,PICKETT,47137,18.9
GA,PIERCE,13229,35.5
ND,PIERCE,38069,43.2
NE,PIERCE,31139,43
WA,PIERCE,53053,40.4
WI,PIERCE,55093,11.6
AL,PIKE,1109,38.5
AR,PIKE,5109,30.4
GA,PIKE,13231,5
IL,PIKE,17149,41
IN,PIKE,18125,38.8
KY,PIKE,21195,119.9
MO,PIKE,29163,40.2
MS,PIKE,28113,53.9
OH,PIKE,39131,50.6
PA,PIKE,42103,23.8
AZ,PIMA,4019,46.9
AZ,PINAL,4021,10.5
MN,PINE,27115,25.1
FL,PINELLAS,12103,65.2
MN,PIPESTONE,27117,36.7
ME,PISCATAQUIS,23021,20
CO,PITKIN,8097,27.9
NC,PITT,37147,102.3
OK,PITTSBURG,40121,60.7
VA,PITTSYLVANIA,51143,7.1
CA,PLACER,6061,46
LA,PLAQUEMINES,22075,14.7
MO,PLATTE,29165,37.1
NE,PLATTE,31141,27
WY,PLATTE,56031,16.8
WV,PLEASANTS,54073,10.7
CA,PLUMAS,6063,41.7
IA,PLYMOUTH,19149,19.4
MA,PLYMOUTH,25023,25.2
IA,POCAHONTAS,19151,18.4
WV,POCAHONTAS,54075,16.9
AR,POINSETT,5111,69
LA,POINTE COUPEE,22077,28.6
AR,POLK,5113,52.8
FL,POLK,12105,33.7
GA,POLK,13233,29.5
IA,POLK,19153,60.2
MN,POLK,27119,28.8
MO,POLK,29167,60.6
NC,POLK,37149,27.1
NE,POLK,31143,8.7
OR,POLK,41053,20.9
TN,POLK,47139,26.6
TX,POLK,48373,27.2
WI,POLK,55095,44.6
MT,PONDERA,30073,43.1
MS,PONTOTOC,28115,26.8
OK,PONTOTOC,40123,56.7
AR,POPE,5115,41.2
IL,POPE,17151,22
MN,POPE,27121,39.9
VA,POQUOSON CITY,51735,4.9
OH,PORTAGE,39133,23.3
WI,PORTAGE,55097,21.9
IN,PORTER,18127,53
VA,PORTSMOUTH CITY,51740,47
IN,POSEY,18129,49.5
KS,POTTAWATOMIE,20149,10.3
OK,POTTAWATOMIE,40125,47.1
IA,POTTAWATTAMIE,19155,40.3
PA,POTTER,42105,35.7
SD,POTTER,46107,4.5
TX,POTTER,48375,102.8
MT,POWDER RIVER,30075,1.4
KY,POWELL,21197,59.2
MT,POWELL,30077,55.7
ID,POWER,16077,41.2
IA,POWESHIEK,19157,35
VA,POWHATAN,51145,14.8
AR,PRAIRIE,5117,13.9
MT,PRAIRIE,30079,18.6
KS,PRATT,20151,96.3
OH,PREBLE,39135,16.8
MS,PRENTISS,28117,38.8
TX,PRESIDIO,48377,5.8
MI,PRESQUE ISLE,26141,20.1
WV,PRESTON,54077,32.6
WI,PRICE,55099,29.4
VA,PRINCE EDWARD,51147,20.9
VA,PRINCE GEORGE,51149,9.1
MD,PRINCE GEORGE'S,24033,24.8
AK,PRINCE OF WALES HYDER,2198,18
VA,PRINCE WILLIAM,51153,16.3
RI,PROVIDENCE,44007,37.8
CO,PROWERS,8099,21.5
CO,PUEBLO,8101,70.1
AR,PULASKI,5119,141.7
GA,PULASKI,13235,28.7
IN,PULASKI,18131,31.7
KY,PULASKI,21199,53.2
MO,PULASKI,29169,31.8
VA,PULASKI,51155,35.3
OK,PUSHMATAHA,40127,7
FL,PUTNAM,12107,34.6
GA,PUTNAM,13237,14.3
IL,PUTNAM,17155,36.5
IN,PUTNAM,18133,25.9
MO,PUTNAM,29171,9.8
NY,PUTNAM,36079,25.1
OH,PUTNAM,39137,15.9
TN,PUTNAM,47141,93
WV,PUTNAM,54079,49.4
NM,QUAY,35037,43.8
MD,QUEEN ANNE'S,24035,33.8
NY,QUEENS,36081,12.7
GA,QUITMAN,13239,0.7
MS,QUITMAN,28119,8.5
GA,RABUN,13241,73.8
WI,RACINE,55101,35.4
VA,RADFORD CITY,51750,45.4
TX,RAINS,48379,1.5
WV,RALEIGH,54081,56.5
MO,RALLS,29173,11.9
MN,RAMSEY,27123,40
ND,RAMSEY,38071,63.8
TX,RANDALL,48381,26.8
AL,RANDOLPH,1111,47
AR,RANDOLPH,5121,20.4
GA,RANDOLPH,13243,21.5
IL,RANDOLPH,17157,39.1
IN,RANDOLPH,18135,54.2
MO,RANDOLPH,29175,32
NC,RANDOLPH,37151,31
WV,RANDOLPH,54083,42.3
MS,RANKIN,28121,63.3
ND,RANSOM,38073,25.1
LA,RAPIDES,22079,117.4
VA,RAPPAHANNOCK,51157,6.8
MT,RAVALLI,30081,31
KS,RAWLINS,20153,38.9
MO,RAY,29177,36
TX,REAGAN,48383,1.6
TX,REAL,48385,1.4
MN,RED LAKE,27125,3.2
LA,RED RIVER,22081,44.8
TX,RED RIVER,48387,82.2
NE,RED WILLOW,31145,45.3
MN,REDWOOD,27127,14.9
TX,REEVES,48389,31.8
TX,REFUGIO,48391,9.6
KS,RENO,20155,71.6
NY,RENSSELAER,36083,28
MN,RENVILLE,27129,61
KS,REPUBLIC,20157,13.9
MO,REYNOLDS,29179,1.9
TN,RHEA,47143,30.7
KS,RICE,20159,12.3
MN,RICE,27131,19.5
UT,RICH,49033,7.4
NE,RICHARDSON,31147,16.8
IL,RICHLAND,17159,41.9
LA,RICHLAND,22083,85.4
MT,RICHLAND,30083,17.8
ND,RICHLAND,38077,23
OH,RICHLAND,39139,31.4
SC,RICHLAND,45079,61.3
WI,RICHLAND,55103,17
GA,RICHMOND,13245,90.4
NC,RICHMOND,37153,84.1
NY,RICHMOND,36085,26.6
VA,RICHMOND,51159,4.1
VA,RICHMOND CITY,51760,55.2
KS,RILEY,20161,40.6
IA,RINGGOLD,19159,46.9
NM,RIO ARRIBA,35039,33.4
CO,RIO BLANCO,8103,25.4
CO,RIO GRANDE,8105,62.3
IN,RIPLEY,18137,35.3
MO,RIPLEY,29181,39.5
WV,RITCHIE,54085,13.6
CA,RIVERSIDE,6065,29.1
TN,ROANE,47145,56.1
WV,ROANE,54087,42.5
VA,ROANOKE,51161,74.5
VA,ROANOKE CITY,51770,89
SD,ROBERTS,46109,31.7
TN,ROBERTSON,47147,44.5
TX,ROBERTSON,48395,5.7
NC,ROBESON,37155,58
MN,ROCK,27133,30.9
NE,ROCK,31149,10.2
WI,ROCK,55105,42.3
IL,ROCK ISLAND,17161,46.1
VA,ROCKBRIDGE,51163,14.3
KY,ROCKCASTLE,21203,48
GA,ROCKDALE,13247,50.6
NC,ROCKINGHAM,37157,51.4
NH,ROCKINGHAM,33015,27.8
VA,ROCKINGHAM,51165,14
NY,ROCKLAND,36087,27.5
TX,ROCKWALL,48397,42.2
OK,ROGER MILLS,40129,9.9
OK,ROGERS,40131,29.5
ND,ROLETTE,38079,3.3
KS,ROOKS,20163,54.4
MT,ROOSEVELT,30085,26
NM,ROOSEVELT,35041,27.4
MI,ROSCOMMON,26143,41.7
MN,ROSEAU,27135,39.3
MT,ROSEBUD,30087,13.6
OH,ROSS,39141,63.8
CO,ROUTT,8107,37.8
KY,ROWAN,21205,57.6
NC,ROWAN,37159,53.8
TX,RUNNELS,48399,35.6
IN,RUSH,18139,21.4
KS,RUSH,20165,42.6
TX,RUSK,48401,18.9
WI,RUSK,55107,14
AL,RUSSELL,1113,35.9
KS,RUSSELL,20167,84.6
KY,RUSSELL,21207,40.9
VA,RUSSELL,51167,66.5
NC,RUTHERFORD,37161,45.4
TN,RUTHERFORD,47149,50.8
VT,RUTLAND,50021,41.3
LA,SABINE,22085,30.1
TX,SABINE,48403,29
IA,SAC,19161,21.7
CA,SACRAMENTO,6067,34
ME,SAGADAHOC,23023,31.4
MI,SAGINAW,26145,80.2
CO,SAGUACHE,8109,0
LA,SAINT BERNARD,22087,21.6
LA,SAINT CHARLES,22089,12
MO,SAINT CHARLES,29183,33.3
AL,SAINT CLAIR,1115,63
IL,SAINT CLAIR,17163,53.1
MI,SAINT CLAIR,26147,56.3
MO,SAINT CLAIR,29185,34
WI,SAINT CROIX,55109,15.6
AR,SAINT FRANCIS,5123,47.7
MO,SAINT FRANCOIS,29187,99.5
LA,SAINT HELENA,22091,29
LA,SAINT JAMES,22093,53.4
FL,SAINT JOHNS,12109,30.4
IN,SAINT JOSEPH,18141,67.1
MI,SAINT JOSEPH,26149,33.2
LA,SAINT LANDRY,22097,72.9
NY,SAINT LAWRENCE,36089,38.3
MN,SAINT LOUIS,27137,47.7
MO,SAINT LOUIS,29189,68.8
MO,SAINT LOUIS CITY,29510,80.7
FL,SAINT LUCIE,12111,33.9
LA,SAINT MARTIN,22099,14.9
LA,SAINT MARY,22101,30.8
MD,SAINT MARYS,24037,21.5
LA,SAINT TAMMANY,22103,77.7
MO,SAINTE GENEVIEVE,29186,15.2
NJ,SALEM,34033,23.9
VA,SALEM CITY,51775,375.6
AR,SALINE,5125,38.3
IL,SALINE,17165,129.7
KS,SALINE,20169,94.3
MO,SALINE,29195,42
NE,SALINE,31151,26.3
UT,SALT LAKE,49035,53.6
SC,SALUDA,45081,11.8
NC,SAMPSON,37163,31.2
TX,SAN AUGUSTINE,48405,28.5
CA,SAN BENITO,6069,12.9
CA,SAN BERNARDINO,6071,34.5
CA,SAN DIEGO,6073,25.5
CA,SAN FRANCISCO,6075,30.5
TX,SAN JACINTO,48407,3.4
CA,SAN JOAQUIN,6077,24.7
NM,SAN JUAN,35045,32.9
UT,SAN JUAN,49037,14.8
WA,SAN JUAN,53055,26.3
CA,SAN LUIS OBISPO,6079,42.6
CA,SAN MATEO,6081,17.7
CO,SAN MIGUEL,8113,16.7
NM,SAN MIGUEL,35047,30.7
TX,SAN PATRICIO,48409,27.6
TX,SAN SABA,48411,5.6
SD,SANBORN,46111,1.4
MT,SANDERS,30089,44.2
NM,SANDOVAL,35043,21.6
OH,SANDUSKY,39143,24.5
IL,SANGAMON,17167,84.9
MI,SANILAC,26151,17.7
UT,SANPETE,49039,38.3
CA,SANTA BARBARA,6083,39.1
CA,SANTA CLARA,6085,18.4
AZ,SANTA CRUZ,4023,5.9
CA,SANTA CRUZ,6087,27.8
NM,SANTA FE,35049,49.5
FL,SANTA ROSA,12113,46.7
FL,SARASOTA,12115,53.5
NY,SARATOGA,36091,32.2
ND,SARGENT,38081,1.5
NE,SARPY,31153,26.6
WI,SAUK,55111,37.3
NE,SAUNDERS,31155,19.3
WI,SAWYER,55113,35.5
NY,SCHENECTADY,36093,29.2
TX,SCHLEICHER,48413,22.8
GA,SCHLEY,13249,13.5
NY,SCHOHARIE,36095,30.2
MI,SCHOOLCRAFT,26153,45.6
IL,SCHUYLER,17169,30.8
MO,SCHUYLER,29197,2.7
NY,SCHUYLER,36097,37.7
PA,SCHUYLKILL,42107,26.8
OH,SCIOTO,39145,71.1
MO,SCOTLAND,29199,40.8
NC,SCOTLAND,37165,95.1
AR,SCOTT,5127,62
IA,SCOTT,19163,54.4
IL,SCOTT,17171,3.1
IN,SCOTT,18143,147.1
KS,SCOTT,20171,77.3
KY,SCOTT,21209,37
MN,SCOTT,27139,8.8
MO,SCOTT,29201,70.6
MS,SCOTT,28123,23.7
TN,SCOTT,47151,77.4
VA,SCOTT,51169,142.9
NE,SCOTTS BLUFF,31157,75
GA,SCREVEN,13251,21
TX,SCURRY,48415,15.5
AR,SEARCY,5129,28.3
AR,SEBASTIAN,5131,121.5
CO,SEDGWICK,8115,63.3
KS,SEDGWICK,20173,88.6
FL,SEMINOLE,12117,37.9
GA,SEMINOLE,13253,120.4
OK,SEMINOLE,40133,26.2
NY,SENECA,36099,23
OH,SENECA,39147,18.2
TN,SEQUATCHIE,47153,31.3
OK,SEQUOYAH,40135,14
AR,SEVIER,5133,11.7
TN,SEVIER,47155,43
UT,SEVIER,49041,72.7
KS,SEWARD,20175,54.8
NE,SEWARD,31159,27.3
TX,SHACKELFORD,48417,2.9
MO,SHANNON,29203,4
MS,SHARKEY,28125,5.7
AR,SHARP,5135,43.7
CA,SHASTA,6089,60.9
WI,SHAWANO,55115,12.2
KS,SHAWNEE,20177,55.6
WI,SHEBOYGAN,55117,55
AL,SHELBY,1117,64.6
IA,SHELBY,19165,33.1
IL,SHELBY,17173,15.7
IN,SHELBY,18145,26.1
KY,SHELBY,21211,25.5
MO,SHELBY,29205,5.3
OH,SHELBY,39149,21.2
TN,SHELBY,47157,60.2
TX,SHELBY,48419,18.9
VA,SHENANDOAH,51171,19.5
MN,SHERBURNE,27141,11.7
KS,SHERIDAN,20179,19
MT,SHERIDAN,30091,1.9
ND,SHERIDAN,38083,3
NE,SHERIDAN,31161,4.8
WY,SHERIDAN,56033,33.5
KS,SHERMAN,20181,33.3
NE,SHERMAN,31163,3.4
OR,SHERMAN,41055,5.1
TX,SHERMAN,48421,0.3
MI,SHIAWASSEE,26155,33.7
ID,SHOSHONE,16079,31.5
MN,SIBLEY,27143,11.5
CA,SIERRA,6091,5.6
NM,SIERRA,35051,24
MT,SILVER BOW,30093,51.4
KY,SIMPSON,21213,24.5
MS,SIMPSON,28127,29.7
IA,SIOUX,19167,18.9
CA,SISKIYOU,6093,53.5
AK,SITKA,2220,14.8
WA,SKAGIT,53057,55
AK,SKAGWAY,2230,10.4
WA,SKAMANIA,53059,17.5
KS,SMITH,20183,89.7
MS,SMITH,28129,4.1
TN,SMITH,47159,51.7
TX,SMITH,48423,99.5
VA,SMYTH,51173,37.9
WA,SNOHOMISH,53061,30.4
PA,SNYDER,42109,34.9
NM,SOCORRO,35053,43.4
CA,SOLANO,6095,21.5
MD,SOMERSET,24039,6.8
ME,SOMERSET,23025,30
NJ,SOMERSET,34035,21.9
PA,SOMERSET,42111,24.6
TX,SOMERVELL,48425,45.7
CA,SONOMA,6097,31.7
VA,SOUTHAMPTON,51175,1.8
AK,SOUTHEAST FAIRBANKS,2240,14.1
GA,SPALDING,13255,92.1
SC,SPARTANBURG,45083,75
IN,SPENCER,18147,17.5
KY,SPENCER,21215,7.1
SD,SPINK,46115,7.9
WA,SPOKANE,53063,58.8
VA,SPOTSYLVANIA,51177,26.6
LA,ST JOHN THE BAPTIST,22095,65.3
KS,STAFFORD,20185,21.6
VA,STAFFORD,51179,13.3
CA,STANISLAUS,6099,54.4
SD,STANLEY,46117,2.7
NC,STANLY,37167,35.2
KS,STANTON,20187,105.8
IL,STARK,17175,0.6
ND,STARK,38089,40.8
OH,STARK,39151,53.1
IN,STARKE,18149,51.7
TX,STARR,48427,25.6
VA,STAUNTON CITY,51790,55.2
MN,STEARNS,27145,39.2
MN,STEELE,27147,21.7
GA,STEPHENS,13257,64.6
OK,STEPHENS,40137,52.8
TX,STEPHENS,48429,18.6
IL,STEPHENSON,17177,49.6
TX,STERLING,48431,1.1
IN,STEUBEN,18151,28.8
NY,STEUBEN,36101,35
KS,STEVENS,20189,11.5
MN,STEVENS,27149,28.3
WA,STEVENS,53065,50.9
GA,STEWART,13259,24.6
TN,STEWART,47161,17.7
MT,STILLWATER,30095,24.6
MO,STODDARD,29207,38
NC,STOKES,37169,31.3
AR,STONE,5137,71.4
MO,STONE,29209,28.7
MS,STONE,28131,60.2
TX,STONEWALL,48433,2.4
NV,STOREY,32029,29.9
IA,STORY,19169,30.1
NH,STRAFFORD,33017,40.8
ND,STUTSMAN,38093,32.7
WY,SUBLETTE,56035,29
MA,SUFFOLK,25025,62.9
NY,SUFFOLK,36103,29.9
VA,SUFFOLK CITY,51800,43.8
IN,SULLIVAN,18153,52.2
MO,SULLIVAN,29211,63.2
NH,SULLIVAN,33019,22.4
NY,SULLIVAN,36105,71.9
PA,SULLIVAN,42113,12.1
TN,SULLIVAN,47163,126.4
SD,SULLY,46119,0.7
WV,SUMMERS,54089,54.7
CO,SUMMIT,8117,28.2
OH,SUMMIT,39153,53.5
UT,SUMMIT,49043,41.9
KS,SUMNER,20191,48.7
TN,SUMNER,47165,55
AL,SUMTER,1119,41.9
FL,SUMTER,12119,14
GA,SUMTER,13261,73.1
SC,SUMTER,45085,45.6
MS,SUNFLOWER,28133,28.7
NC,SURRY,37171,68.8
VA,SURRY,51181,1.2
PA,SUSQUEHANNA,42115,20.4
DE,SUSSEX,10005,53.3
NJ,SUSSEX,34037,23.8
VA,SUSSEX,51183,4.7
CA,SUTTER,6101,70.1
TX,SUTTON,48435,15
FL,SUWANNEE,12121,16
NC,SWAIN,37173,96.1
MT,SWEET GRASS,30097,13
WY,SWEETWATER,56037,70
MN,SWIFT,27151,37.7
TX,SWISHER,48437,6.5
IN,SWITZERLAND,18155,5.5
GA,TALBOT,13263,3.3
MD,TALBOT,24041,91
AL,TALLADEGA,1121,39.7
MS,TALLAHATCHIE,28135,18.9
AL,TALLAPOOSA,1123,43.4
IA,TAMA,19171,23.5
MO,TANEY,29213,68.8
LA,TANGIPAHOA,22105,38.8
NM,TAOS,35055,62.5
TX,TARRANT,48439,45.1
MS,TATE,28137,39.2
GA,TATTNALL,13267,36.5
FL,TAYLOR,12123,47.9
GA,TAYLOR,13269,3.5
IA,TAYLOR,19173,60.2
KY,TAYLOR,21217,47.2
TX,TAYLOR,48441,72.7
WI,TAYLOR,55119,13.1
WV,TAYLOR,54091,24.9
IL,TAZEWELL,17179,29.6
VA,TAZEWELL,51185,70.6
CA,TEHAMA,6103,35
GA,TELFAIR,13271,8.5
CO,TELLER,8119,15.2
LA,TENSAS,22107,24.4
LA,TERREBONNE,22109,66.1
GA,TERRELL,13273,6.7
TX,TERRELL,48443,72.3
TX,TERRY,48445,20.5
ID,TETON,16081,21.3
MT,TETON,30099,14.6
WY,TETON,56039,50.6
MO,TEXAS,29215,26.6
OK,TEXAS,40139,14.3
NE,THAYER,31169,8.6
GA,THOMAS,13275,124.2
KS,THOMAS,20193,55.9
NE,THOMAS,31171,2.2
TX,THROCKMORTON,48447,18.5
NE,THURSTON,31173,22.2
WA,THURSTON,53067,44
GA,TIFT,13277,181.6
OR,TILLAMOOK,41057,59.1
OK,TILLMAN,40141,65
NY,TIOGA,36107,19.2
PA,TIOGA,42117,33
MS,TIPPAH,28139,19.3
IN,TIPPECANOE,18157,56.2
IN,TIPTON,18159,25.9
TN,TIPTON,47167,42.9
MS,TISHOMINGO,28141,56.3
TX,TITUS,48449,49.4
KY,TODD,21219,6.2
MN,TODD,27153,7.5
SD,TODD,46121,7.4
CT,TOLLAND,9013,17.8
TX,TOM GREEN,48451,46.6
NY,TOMPKINS,36109,49.8
UT,TOOELE,49045,20.7
MT,TOOLE,30101,110.3
GA,TOOMBS,13279,55.4
NM,TORRANCE,35057,6.6
ND,TOWNER,38095,14
GA,TOWNS,13281,76.2
ND,TRAILL,38097,10.9
NC,TRANSYLVANIA,37175,39.8
MN,TRAVERSE,27155,10
TX,TRAVIS,48453,39.1
KS,TREGO,20195,117.2
WI,TREMPEALEAU,55121,6
GA,TREUTLEN,13283,0.3
KY,TRIGG,21221,13.9
KY,TRIMBLE,21223,36.2
CA,TRINITY,6105,31.7
TX,TRINITY,48455,20.5
SD,TRIPP,46123,42.2
GA,TROUP,13285,79.3
TN,TROUSDALE,47169,24.7
OH,TRUMBULL,39155,40.1
WV,TUCKER,54093,21.5
CA,TULARE,6107,34.9
OK,TULSA,40143,103.1
MS,TUNICA,28143,9.8
CA,TUOLUMNE,6109,65.2
GA,TURNER,13287,39.7
SD,TURNER,46125,11.7
AL,TUSCALOOSA,1125,86.6
OH,TUSCARAWAS,39157,55.7
MI,TUSCOLA,26157,41.8
GA,TWIGGS,13289,0.2
ID,TWIN FALLS,16083,84.4
TX,TYLER,48457,9.8
WV,TYLER,54095,11.6
NC,TYRRELL,37177,8.9
WY,UINTA,56041,60
UT,UINTAH,49047,36.3
NY,ULSTER,36111,34.8
OR,UMATILLA,41059,31.5
TN,UNICOI,47171,62
AR,UNION,5139,113.6
FL,UNION,12125,18.4
GA,UNION,13291,60
IA,UNION,19175,54.8
IL,UNION,17181,69.2
IN,UNION,18161,26.5
KY,UNION,21225,39.2
LA,UNION,22111,35.9
MS,UNION,28145,70.3
NC,UNION,37179,22.9
NJ,UNION,34039,23.6
NM,UNION,35059,45.8
OH,UNION,39159,33.6
OR,UNION,41061,50.2
PA,UNION,42119,59.1
SC,UNION,45087,17.7
SD,UNION,46127,233.8
TN,UNION,47173,13.5
TX,UPSHUR,48459,7.7
WV,UPSHUR,54097,13.2
GA,UPSON,13293,90.5
TX,UPTON,48461,3.7
UT,UTAH,49049,40.1
TX,UVALDE,48463,23.6
TX,VAL VERDE,48465,21.1
NM,VALENCIA,35061,19.1
ID,VALLEY,16085,21
MT,VALLEY,30105,18.7
NE,VALLEY,31175,75.1
AR,VAN BUREN,5141,38
IA,VAN BUREN,19177,37.7
MI,VAN BUREN,26159,35.7
TN,VAN BUREN,47175,2
OH,VAN WERT,39161,28.9
TX,VAN ZANDT,48467,18.2
NC,VANCE,37181,43.5
IN,VANDERBURGH,18163,146.1
PA,VENANGO,42121,48.8
CA,VENTURA,6111,30.9
IL,VERMILION,17183,50.2
LA,VERMILION,22113,23
IN,VERMILLION,18165,15.6
LA,VERNON,22115,44.5
MO,VERNON,29217,33.8
WI,VERNON,55123,23.7
TX,VICTORIA,48469,67.5
IN,VIGO,18167,81.3
WI,VILAS,55125,30.2
OH,VINTON,39163,4.2
VA,VIRGINIA BEACH CITY,51810,38.4
FL,VOLUSIA,12127,48.4
IL,WABASH,17185,35.7
IN,WABASH,18169,22.7
MN,WABASHA,27157,9.6
KS,WABAUNSEE,20197,5.7
MN,WADENA,27159,84
OK,WAGONER,40145,13.1
WA,WAHKIAKUM,53069,3.6
NC,WAKE,37183,37.2
FL,WAKULLA,12129,9.4
ME,WALDO,23027,30.1
AL,WALKER,1127,123
GA,WALKER,13295,13
TX,WALKER,48471,25.6
WA,WALLA WALLA,53071,47.4
KS,WALLACE,20199,3.1
TX,WALLER,48473,4.4
OR,WALLOWA,41063,51.3
ND,WALSH,38099,14.4
MS,WALTHALL,28147,20.4
FL,WALTON,12131,29.4
GA,WALTON,13297,22.3
SD,WALWORTH,46129,31.8
WI,WALWORTH,55127,18.7
IA,WAPELLO,19179,37.7
ND,WARD,38101,51.7
TX,WARD,48475,32.5
GA,WARE,13299,160.1
GA,WARREN,13301,6.3
IA,WARREN,19181,20.1
IL,WARREN,17187,32.3
IN,WARREN,18171,3.1
KY,WARREN,21227,88
MO,WARREN,29219,8.6
MS,WARREN,28149,78.9
NC,WARREN,37185,2.6
NJ,WARREN,34041,29.9
NY,WARREN,36113,72.1
OH,WARREN,39165,27.5
PA,WARREN,42123,36.7
TN,WARREN,47177,46.2
VA,WARREN,51187,18.1
IN,WARRICK,18173,63.6
UT,WASATCH,49051,20.3
OR,WASCO,41065,51.3
MN,WASECA,27161,16.4
WY,WASHAKIE,56043,40.2
WI,WASHBURN,55129,52.1
AL,WASHINGTON,1129,29.4
AR,WASHINGTON,5143,70.2
CO,WASHINGTON,8121,4.4
FL,WASHINGTON,12133,31.9
GA,WASHINGTON,13303,22.4
IA,WASHINGTON,19183,23.4
ID,WASHINGTON,16087,48.1
IL,WASHINGTON,17189,25.1
IN,WASHINGTON,18175,32.9
KS,WASHINGTON,20201,47
KY,WASHINGTON,21229,13.7
LA,WASHINGTON,22117,42.3
MD,WASHINGTON,24043,86
ME,WASHINGTON,23029,27.5
MN,WASHINGTON,27163,25.4
MO,WASHINGTON,29221,11.1
MS,WASHINGTON,28151,69
NC,WASHINGTON,37187,29.1
NE,WASHINGTON,31177,14.6
NY,WASHINGTON,36115,24.1
OH,WASHINGTON,39167,61.7
OK,WASHINGTON,40147,40.7
OR,WASHINGTON,41067,35.2
PA,WASHINGTON,42125,41.1
RI,WASHINGTON,44009,30
TN,WASHINGTON,47179,140.1
TX,WASHINGTON,48477,29.2
UT,WASHINGTON,49053,67.2
VA,WASHINGTON,51191,58.1
VT,WASHINGTON,50023,32.1
WI,WASHINGTON,55131,25.1
OK,WASHITA,40149,14
NV,WASHOE,32031,53.5
MI,WASHTENAW,26161,70.2
NC,WATAUGA,37189,54.5
MN,WATONWAN,27165,41
WI,WAUKESHA,55133,41.1
WI,WAUPACA,55135,32.7
WI,WAUSHARA,55137,16
GA,WAYNE,13305,100.6
IA,WAYNE,19185,95.9
IL,WAYNE,17191,56.2
IN,WAYNE,18177,74.7
KY,WAYNE,21231,102.9
MI,WAYNE,26163,55.7
MO,WAYNE,29223,0.9
MS,WAYNE,28153,33.1
NC,WAYNE,37191,40.5
NE,WAYNE,31179,33.1
NY,WAYNE,36117,13.7
OH,WAYNE,39169,24.6
PA,WAYNE,42127,20.9
TN,WAYNE,47181,62
UT,WAYNE,49055,18.8
WV,WAYNE,54099,10.9
VA,WAYNESBORO CITY,51820,45.4
TN,WEAKLEY,47183,85.9
TX,WEBB,48479,16.2
UT,WEBER,49057,58.8
GA,WEBSTER,13307,0.9
IA,WEBSTER,19187,50.6
KY,WEBSTER,21233,44.4
LA,WEBSTER,22119,40.6
MO,WEBSTER,29225,45.8
MS,WEBSTER,28155,104.8
NE,WEBSTER,31181,2
WV,WEBSTER,54101,118.2
CO,WELD,8123,22.3
IN,WELLS,18179,40
ND,WELLS,38103,51.3
LA,WEST BATON ROUGE,22121,16.7
LA,WEST CARROLL,22123,17.7
LA,WEST FELICIANA,22125,13.2
NY,WESTCHESTER,36119,24.7
PA,WESTMORELAND,42129,36.9
VA,WESTMORELAND,51193,4.5
WY,WESTON,56045,6.7
WV,WETZEL,54103,33.2
MI,WEXFORD,26165,62.9
TX,WHARTON,48481,31.5
WA,WHATCOM,53073,39.9
MT,WHEATLAND,30107,3.7
GA,WHEELER,13309,0
OR,WHEELER,41069,50.9
TX,WHEELER,48483,4.3
AR,WHITE,5145,54.8
GA,WHITE,13311,19.1
IL,WHITE,17193,29.1
IN,WHITE,18181,12.2
TN,WHITE,47185,25.6
NV,WHITE PINE,32033,28.6
IL,WHITESIDE,17195,35
GA,WHITFIELD,13313,75.7
IN,WHITLEY,18183,21.2
KY,WHITLEY,21235,132.8
WA,WHITMAN,53075,36.6
KS,WICHITA,20203,12.2
TX,WICHITA,48485,78.2
MD,WICOMICO,24045,65.3
TX,WILBARGER,48487,49.6
AL,WILCOX,1131,16
GA,WILCOX,13315,2.4
GA,WILKES,13317,43.6
NC,WILKES,37193,36.4
MN,WILKIN,27167,6.1
GA,WILKINSON,13319,53.3
MS,WILKINSON,28157,39.1
IL,WILL,17197,31.2
TX,WILLACY,48489,16.2
ND,WILLIAMS,38105,31.4
OH,WILLIAMS,39171,18.9
SC,WILLIAMSBURG,45089,18.8
VA,WILLIAMSBURG CITY,51830,0.2
IL,WILLIAMSON,17199,90
TN,WILLIAMSON,47187,52.4
TX,WILLIAMSON,48491,29.2
KS,WILSON,20205,109.1
NC,WILSON,37195,32.9
TN,WILSON,47189,45
TX,WILSON,48493,12.1
VA,WINCHESTER CITY,51840,219
CT,WINDHAM,9015,28.4
VT,WINDHAM,50025,35
VT,WINDSOR,50027,26.8
TX,WINKLER,48495,8.2
LA,WINN,22127,37.1
IA,WINNEBAGO,19189,33.5
IL,WINNEBAGO,17201,66.2
WI,WINNEBAGO,55139,41
IA,WINNESHIEK,19191,21.9
MN,WINONA,27169,18.2
AL,WINSTON,1133,65
MS,WINSTON,28159,28.8
WV,WIRT,54105,14.4
TX,WISE,48497,45
VA,WISE,51195,64.1
KY,WOLFE,21237,76.6
OH,WOOD,39173,30.1
TX,WOOD,48499,29.2
WI,WOOD,55141,47.4
WV,WOOD,54107,66.8
IA,WOODBURY,19193,44.3
IL,WOODFORD,17203,30.6
KY,WOODFORD,21239,31.3
AR,WOODRUFF,5147,14.8
OK,WOODS,40151,9.6
KS,WOODSON,20207,11.3
OK,WOODWARD,40153,38.5
MA,WORCESTER,25027,33.1
MD,WORCESTER,24047,26.7
GA,WORTH,13321,30.5
IA,WORTH,19195,1.5
AK,WRANGELL,2275,3.9
IA,WRIGHT,19197,29.8
MN,WRIGHT,27171,15.4
MO,WRIGHT,29229,65.3
OH,WYANDOT,39175,11.1
KS,WYANDOTTE,20209,98.1
NY,WYOMING,36121,27
PA,WYOMING,42131,38.6
WV,WYOMING,54109,42.2
VA,WYTHE,51197,51.9
NC,YADKIN,37197,19.8
WA,YAKIMA,53077,38.5
AK,YAKUTAT,2282,8.1
MS,YALOBUSHA,28161,10.5
OR,YAMHILL,41071,31.3
NC,YANCEY,37199,28.7
SD,YANKTON,46135,50
NY,YATES,36123,16.3
AZ,YAVAPAI,4025,48.6
MS,YAZOO,28163,10.5
AR,YELL,5149,39.7
MN,YELLOW MEDICINE,27173,38.1
MT,YELLOWSTONE,30111,68.1
TX,YOAKUM,48501,15.8
CA,YOLO,6113,22.9
ME,YORK,23031,29.1
NE,YORK,31185,58.2
PA,YORK,42133,37.3
SC,YORK,45091,29.1
VA,YORK,51199,19.9
TX,YOUNG,48503,37.7
CA,YUBA,6115,29.2
AK,YUKON KOYUKUK,2290,2.6
AZ,YUMA,4027,28.2
CO,YUMA,8125,31.3
TX,ZAPATA,48505,3.8
TX,ZAVALA,48507,2.6
